onion/legal	,	98	2.2130581135861576
onion/legal	.	80	1.7502696039155126
onion/illegal	.	79	3.525834161322564
onion/legal	tablets	64	1.1868790201842785
onion/legal	(	60	1.643362345173955
onion/legal	)	60	1.6277796723879874
onion/legal	for	55	1.1682051890529692
onion/illegal	-	50	1.7808245392516255
onion/legal	mg	48	1.4689775295555592
onion/legal	to	45	0.8887854674831033
onion/illegal	to	39	1.4505226351320744
onion/legal	the	34	0.7766889268532395
onion/illegal	,	34	0.525647611822933
onion/legal	100	31	0.6198620609939098
onion/illegal	is	31	1.1973661165684462
onion/legal	US$	30	0.529184459708631
onion/legal	each	28	0.4423117656260729
onion/legal	and	27	0.548198641743511
onion/legal	blister	26	0.366092789452523
onion/illegal	or	25	0.38221774343401194
onion/legal	$	22	1.3474190621636808
onion/legal	is	22	0.38913960149511695
onion/legal	in	21	0.42119793221354485
onion/illegal	)	21	1.1079658372327685
onion/legal	of	21	0.4754371871240437
onion/legal	x	21	0.22643357422202826
onion/illegal	>	20	0.7737006526440382
onion/legal	:	19	0.5836278055794537
onion/illegal	the	19	0.5583844101056457
onion/legal	packs/10	19	0.27475043339654803
onion/legal	20	18	0.49537387676537037
onion/illegal	:	17	0.9520056890323758
onion/illegal	used	17	0.44290671683847904
onion/illegal	your	17	0.39112180937081575
onion/illegal	(	17	0.8989805653691292
onion/legal	by	17	0.36137933237478137
onion/legal	10	17	0.28934531658887863
onion/legal	Kamagra	17	0.09130084654316306
onion/illegal	and	16	0.40549519984051585
onion/legal	-	15	0.7018368556164205
onion/illegal	Info	15	0.5157791431993246
onion/legal	Bh	15	0.17261928925290704
onion/illegal	of	14	0.4611722226254642
onion/illegal	for	14	0.4973331429064274
onion/illegal	you	14	0.37743324879556894
onion/illegal	...	14	0.9831397980451584
onion/illegal	More	14	0.7275842167437077
onion/legal	generic	14	0.471172952093184
onion/legal	manufactured	14	0.33160007977858186
onion/illegal	an	14	0.5263581522740424
onion/legal	"	13	0.34814805537462234
onion/illegal	as	13	0.23697232641279697
onion/illegal	g	12	0.4274970041587949
onion/legal	30	12	0.3995045614428818
onion/illegal	a	12	0.47956165857613087
onion/illegal	Generic	12	0.3191327787935734
onion/illegal	/	12	0.4700700677931309
onion/legal	an	12	0.14610864454880357
onion/legal	Sildenafil	11	0.21125012869015336
onion/illegal	in	11	0.3226498165167868
onion/illegal	UK	11	0.5128209888935089
onion/legal	Jelly	10	0.15543820895254612
onion/legal	citrate	10	0.2053389768116176
onion/legal	treatment	10	0.21168110519647598
onion/illegal	1	10	0.20005592983216047
onion/legal	Compare	10	0.13529494358226657
onion/legal	@	9	0.31669610599055886
onion/legal	Drugstore.com	9	0.3132116235792637
onion/legal	/	9	0.4000664697960019
onion/illegal	Copyright	9	0.5309387966990471
onion/illegal	c	9	0.732134010642767
onion/illegal	torpharmzxholobn.onion	9	0.7306886091828346
onion/illegal	affiliate	9	0.405924953520298
onion/illegal	marketing	9	0.37214868515729904
onion/illegal	website	9	0.35992155596613884
onion/illegal	All	9	0.34441497176885605
onion/illegal	rights	9	0.34026943519711494
onion/illegal	reserved	9	0.3466338440775871
onion/legal	6	9	0.17357424832880497
onion/legal	USD	9	0.2507589543238282
onion/illegal	It	9	0.19218052737414837
onion/legal	Viagra	9	0.11984605435281992
onion/legal	Oral	9	0.05501791602000594
onion/legal	Soft	9	0.055627353489398956
onion/legal	Apcalis	9	0.03752467501908541
onion/illegal	be	8	0.280837032943964
onion/illegal	"	8	0.39702558517456055
onion/illegal	cart	8	0.3578959070146084
onion/legal	4	8	0.20304404944181442
onion/illegal	infections	8	0.20400390587747097
onion/legal	a	8	0.18247923953458667
onion/legal	Pharmaceuticals	8	0.13899223459884524
onion/legal	blood	8	0.10312036564573646
onion/legal	This	8	0.08277119183912873
onion/illegal	treating	7	0.22024739906191826
onion/illegal	x	7	0.26735443994402885
onion/illegal	care	7	0.13266324996948242
onion/legal	disease	7	0.1584048680961132
onion/illegal	treat	7	0.12291541695594788
onion/legal	60	7	0.10597736341878772
onion/legal	packs/4	7	0.09353655762970448
onion/legal	3	6	0.17278204206377268
onion/legal	capsules	6	0.17412106692790985
onion/illegal	by	6	0.2937604421749711
onion/legal	grams	6	0.2002696506679058
onion/legal	are	6	0.12488511577248573
onion/legal	g	6	0.13432744424790144
onion/illegal	health	6	0.08709650672972202
onion/illegal	professional	6	0.08710535848513246
onion/illegal	navigation	6	0.21492846682667732
onion/illegal	content	6	0.21038675121963024
onion/illegal	not	6	0.09309042198583484
onion/illegal	can	6	0.12793760281056166
onion/illegal	Amnesia	6	0.1337405936792493
onion/illegal	Haze	6	0.13836761936545372
onion/legal	used	6	0.12034730240702629
onion/legal	body	6	0.07511872006580234
onion/illegal	Hank	6	0.10179486125707626
onion/illegal	Weed	6	0.10368070565164089
onion/legal	Levitra	5	0.3092035409063101
onion/illegal	get	5	0.17173238331452012
onion/legal	Pharma	5	0.1685280902311206
onion/legal	can	5	0.19594460586085916
onion/illegal	index	5	0.29067976400256157
onion/legal	as	5	0.11010053474456072
onion/legal	GBP	5	0.07217158004641533
onion/illegal	may	5	0.13729536347091198
onion/illegal	Skip	5	0.18425806984305382
onion/illegal	with	5	0.1394595643505454
onion/illegal	are	5	0.12509325006976724
onion/illegal	that	5	0.09248012630268931
onion/legal	;	5	0.0705896858125925
onion/legal	The	5	0.05160223180428147
onion/legal	24	5	0.05880205752328038
onion/illegal	out	4	0.2353585483506322
onion/illegal	Feed	4	0.225417697802186
onion/illegal	G	4	0.24746651388704777
onion/illegal	do	4	0.14280978729948401
onion/illegal	from	4	0.2186414608731866
onion/legal	50	4	0.11823490122333169
onion/illegal	Sample	4	0.14732746593654156
onion/legal	be	4	0.10022527584806085
onion/legal	from	4	0.08300646347925067
onion/legal	or	4	0.12657327391207218
onion/illegal	has	4	0.15909491293132305
onion/illegal	been	4	0.15923985093832016
onion/illegal	A	4	0.17366363480687141
onion/legal	%	4	0.1269974298775196
onion/legal	B6	4	0.1246604397892952
onion/legal	SPECIAL	4	0.11557022575289011
onion/legal	same	4	0.12222962453961372
onion/illegal	site	4	0.1322164349257946
onion/legal	heart	4	0.09454673621803522
onion/legal	5	4	0.08854965586215258
onion/legal	HEROIN	4	0.0797954797744751
onion/legal	our	4	0.13663630560040474
onion/legal	you	4	0.08625225955620408
onion/illegal	blood	4	0.15269257500767708
onion/illegal	pressure	4	0.15348242782056332
onion/legal	Cream	4	0.11402282491326332
onion/illegal	order	4	0.12171882390975952
onion/illegal	Grams	4	0.099578021094203
onion/illegal	If	4	0.04182661324739456
onion/illegal	Afghani	4	0.09455488808453083
onion/legal	many	4	0.05195023724809289
onion/legal	have	4	0.07166687306016684
onion/legal	not	4	0.04884655028581619
onion/illegal	Marijuana	4	0.06340702902525663
onion/illegal	amnesia	4	0.06573074497282505
onion/legal	Chewable	4	0.034331502858549356
onion/legal	179.99	4	0.048366662580519915
onion/illegal	prescriber	4	0.022732820827513933
onion/illegal	azithromycin	4	0.02251687692478299
onion/legal	erection	4	0.018365973606705666
onion/legal	your	3	0.3448386937379837
onion/illegal	5	3	0.3444167235866189
onion/legal	Generic	3	0.21193002723157406
onion/legal	CIPLA	3	0.30958618223667145
onion/legal	1MG	3	0.3053799867630005
onion/legal	|	3	0.2110423408448696
onion/illegal	this	3	0.1632954515516758
onion/illegal	Pollen	3	0.21238622069358826
onion/illegal	Cart	3	0.1254322323948145
onion/illegal	added	3	0.12809916399419308
onion/illegal	@post	3	0.14750893041491508
onion/illegal	type	3	0.14914073422551155
onion/illegal	product&add	3	0.1501326784491539
onion/illegal	Search	3	0.16710789129137993
onion/illegal	letter	3	0.18948328122496605
onion/legal	infections	3	0.09608693793416023
onion/legal	vitamin	3	0.10494464449584484
onion/legal	1	3	0.16728438064455986
onion/illegal	bacteria	3	0.15271055325865746
onion/legal	200	3	0.07584963133558631
onion/illegal	will	3	0.10436317697167397
onion/illegal	Contact	3	0.08246265910565853
onion/illegal	use	3	0.0569760799407959
onion/illegal	medicine	3	0.11288728006184101
onion/illegal	Infinit	3	0.13728226348757744
onion/legal	FULL	3	0.09019447769969702
onion/legal	GRAND	3	0.06541621964424849
onion/legal	OPENING	3	0.06563633773475885
onion/legal	use	3	0.06328915245831013
onion/legal	us	3	0.05802940810099244
onion/legal	at	3	0.050111809745430946
onion/illegal	high	3	0.07703454978764057
onion/illegal	alone	3	0.07556803710758686
onion/illegal	other	3	0.13768720626831055
onion/illegal	medicines	3	0.21206152439117432
onion/illegal	soon	3	0.05625046044588089
onion/illegal	chest	3	0.06551308743655682
onion/illegal	pain	3	0.06541007943451405
onion/illegal	ED	3	0.06516723707318306
onion/illegal	have	3	0.06081512896344066
onion/illegal	Gram	3	0.08436488546431065
onion/illegal	Of	3	0.08179633133113384
onion/illegal	Gorilla	3	0.08015306852757931
onion/illegal	Glue	3	0.08033083193004131
onion/illegal	Free	3	0.07956020534038544
onion/illegal	Shipping	3	0.07837830670177937
onion/illegal	at	3	0.055592565797269344
onion/legal	erectile	3	0.037335675209760666
onion/legal	when	3	0.04383085202425718
onion/legal	other	3	0.07280138693749905
onion/legal	all	3	0.05687824543565512
onion/illegal	such	3	0.043012802954763174
onion/legal	sexual	3	0.06225781887769699
onion/illegal	GBP	3	0.07137181423604488
onion/illegal	Bh	3	0.0714520625770092
onion/legal	dysfunction	3	0.03361938055604696
onion/legal	liver	3	0.0591618288308382
onion/legal	active	3	0.03226124309003353
onion/legal	synthesis	3	0.06995766051113605
onion/legal	function	3	0.0574619434773922
onion/legal	It	3	0.048884185031056404
onion/legal	genital	3	0.03151046484708786
onion/legal	area	3	0.0315212719142437
onion/legal	medicine	3	0.04165814444422722
onion/legal	Ajanta	3	0.03855024557560682
onion/legal	Cialis	3	0.03415036853402853
onion/legal	Tadalafil	3	0.03424954321235418
onion/legal	RSM	3	0.038149785716086626
onion/legal	aphrodisiac	3	0.024177960585802794
onion/legal	properties	3	0.04480190668255091
onion/legal	it	3	0.03382493508979678
onion/legal	flow	3	0.023854199331253767
onion/legal	has	3	0.023213899694383144
onion/legal	12	3	0.03180653788149357
onion/legal	Product	3	0.0230097072198987
onion/legal	Price	3	0.022982838563621044
onion/legal	Quantity	3	0.022908243350684643
onion/legal	GRAM	3	0.04122989811003208
onion/legal	will	3	0.01692675380036235
onion/illegal	sun	3	0.0172090083360672
onion/legal	Tabs	3	0.014485596213489771
onion/legal	take	3	0.014100885018706322
onion/legal	swallow	3	0.014062515459954739
onion/legal	report	3	0.014075341634452343
onion/legal	effective	3	0.013359195087105036
onion/legal	allows	3	0.01343757938593626
onion/legal	time	3	0.012557110749185085
onion/illegal	White	2	0.21257693599909544
onion/illegal	Widow	2	0.21315017621964216
onion/legal	Stanazolol	2	0.3994555324316025
onion/legal	New	2	0.36654873192310333
onion/legal	7	2	0.2649887800216675
onion/illegal	drugs	2	0.21930388547480106
onion/legal	Please	2	0.1747967037372291
onion/legal	discount	2	0.20776323229074478
onion/legal	Sustanon	2	0.3347121328115463
onion/legal	250	2	0.33138851821422577
onion/legal	Brand	2	0.243874192237854
onion/legal	&	2	0.14692988665774465
onion/illegal	New	2	0.2771603912115097
onion/illegal	products	2	0.1623765379190445
onion/legal	120	2	0.2373843491077423
onion/illegal	shop	2	0.1371310781687498
onion/illegal	Q	2	0.14555500075221062
onion/illegal	?	2	0.15046068653464317
onion/legal	Dapoxetine	2	0.11005379725247622
onion/illegal	Please	2	0.11259547900408506
onion/illegal	tell	2	0.10573072172701359
onion/illegal	our	2	0.11274605896323919
onion/illegal	You	2	0.11584201455116272
onion/illegal	post	2	0.14134572073817253
onion/legal	Somatropin	2	0.18314392864704132
onion/legal	Alpha	2	0.12965727224946022
onion/illegal	i	2	0.09963167272508144
onion/legal	We	2	0.1225239634513855
onion/legal	Bitcoin	2	0.08752755494788289
onion/legal	All	2	0.14474448561668396
onion/legal	LORAZEPAM	2	0.16792812198400497
onion/legal	80	2	0.12274729087948799
onion/legal	Xanax	2	0.13962243869900703
onion/legal	2	2	0.08617887645959854
onion/legal	make	2	0.07150982692837715
onion/legal	40	2	0.11611374095082283
onion/illegal	B	2	0.12879731506109238
onion/illegal	C	2	0.13030188530683517
onion/illegal	D	2	0.12907740473747253
onion/illegal	E	2	0.1257539503276348
onion/illegal	F	2	0.10835997015237808
onion/legal	500	2	0.12067877128720284
onion/legal	antibiotic	2	0.08081255108118057
onion/illegal	BTC	2	0.11656814441084862
onion/illegal	Magic	2	0.0689545115455985
onion/legal	increased	2	0.07698418572545052
onion/legal	!	2	0.07699559908360243
onion/legal	antidepressant	2	0.11190720275044441
onion/legal	depression	2	0.11271964386105537
onion/legal	anxiety	2	0.11489284411072731
onion/illegal	caused	2	0.06880847178399563
onion/legal	16	2	0.05473898025229573
onion/legal	e	2	0.07633714005351067
onion/legal	I	2	0.11120009422302246
onion/legal	know	2	0.07608873583376408
onion/legal	>	2	0.10502460971474648
onion/legal	Celexa	2	0.09985735267400742
onion/legal	40/20/10	2	0.09892101213335991
onion/illegal	equivalent	2	0.06422686390578747
onion/illegal	@add	2	0.08465283364057541
onion/illegal	56	2	0.08226365223526955
onion/legal	For	2	0.04489309946075082
onion/legal	WEIGHED	2	0.052150183357298374
onion/legal	GRAMS	2	0.07707010954618454
onion/legal	cookies	2	0.07699509710073471
onion/legal	services	2	0.07722010090947151
onion/legal	using	2	0.04345379350706935
onion/legal	OK	2	0.07686470448970795
onion/legal	per	2	0.062150152400135994
onion/legal	price	2	0.06271749548614025
onion/legal	allow	2	0.05021397257223725
onion/illegal	42	2	0.07106392085552216
onion/legal	Mometasone	2	0.07457516714930534
onion/legal	15	2	0.07366714626550674
onion/legal	Identical	2	0.07228342816233635
onion/legal	Betamethasone	2	0.07182001322507858
onion/legal	valerate	2	0.07140564545989037
onion/legal	ml	2	0.07206346839666367
onion/illegal	cancel	2	0.06253224425017834
onion/illegal	us	2	0.04355890117585659
onion/illegal	possible	2	0.05024166405200958
onion/illegal	angina	2	0.04654988832771778
onion/illegal	most	2	0.03661657217890024
onion/illegal	men	2	0.042196592316031456
onion/illegal	who	2	0.04091613367199898
onion/illegal	more	2	0.04522929899394512
onion/illegal	any	2	0.055675577372312546
onion/illegal	heat	2	0.05012240819633007
onion/illegal	they	2	0.049438582733273506
onion/illegal	address	2	0.058883870020508766
onion/illegal	send	2	0.058625077828764915
onion/illegal	@product	2	0.060886576771736145
onion/illegal	5x	2	0.061066387221217155
onion/illegal	eric	2	0.06089655123651028
onion/illegal	snowden	2	0.060662949457764626
onion/illegal	lsd	2	0.06048255413770676
onion/illegal	blotter-100ug	2	0.06041240319609642
onion/illegal	roduct	2	0.054219964891672134
onion/illegal	category	2	0.055296026170253754
onion/illegal	cannabis/	2	0.05668856389820576
onion/illegal	Cannabis	2	0.058090999722480774
onion/illegal	0.5	2	0.04464323632419109
onion/illegal	14	2	0.044391125440597534
onion/illegal	check	2	0.037357063964009285
onion/illegal	!	2	0.037208499386906624
onion/illegal	questions	2	0.037248033098876476
onion/illegal	problems	2	0.0425600241869688
onion/illegal	seizures	2	0.037396110594272614
onion/illegal	surgery	2	0.06387138552963734
onion/legal	impotence	2	0.052929213270545006
onion/legal	ejaculation	2	0.05280029959976673
onion/legal	ingredients	2	0.03293816093355417
onion/legal	Read	2	0.05202135816216469
onion/legal	authoritative	2	0.05190696939826012
onion/legal	sources	2	0.0519463624805212
onion/legal	opinions	2	0.0523820910602808
onion/illegal	body	2	0.038918545469641685
onion/illegal	urinary	2	0.04578213021159172
onion/illegal	tract	2	0.06108538433909416
onion/legal	fatigue	2	0.047675564885139465
onion/legal	also	2	0.03079885896295309
onion/illegal	's	2	0.030574046075344086
onion/illegal	disease	2	0.05137982591986656
onion/illegal	symptoms	2	0.056817416567355394
onion/illegal	Soft	2	0.03547956235706806
onion/illegal	time	2	0.03481883089989424
onion/legal	HIV	2	0.03911226708441973
onion/legal	AIDS	2	0.039168987423181534
onion/legal	conditions	2	0.04441031254827976
onion/legal	if	2	0.040184248238801956
onion/legal	any	2	0.04248163662850857
onion/legal	finasteride	2	0.03988993167877197
onion/illegal	skin	2	0.03759359009563923
onion/legal	A	2	0.039747562259435654
onion/legal	Tretinoin	2	0.03993001580238342
onion/legal	0.025	2	0.039834409952163696
onion/legal	tubes	2	0.040101006627082825
onion/legal	54.10	2	0.03897700272500515
onion/legal	Johnson	2	0.03995257429778576
onion/legal	which	2	0.030008398462086916
onion/legal	including	2	0.03702995926141739
onion/legal	More	2	0.043560318648815155
onion/legal	Info	2	0.044018253684043884
onion/illegal	difficulty	2	0.02451470587402582
onion/illegal	rash	2	0.024508568458259106
onion/illegal	swelling	2	0.024539523757994175
onion/legal	Celebrex	2	0.03864341974258423
onion/legal	therefore	2	0.03639501053839922
onion/legal	people	2	0.043775649741292
onion/legal	who	2	0.026908003725111485
onion/legal	Vitamin	2	0.03936228156089783
onion/legal	water	2	0.039011240005493164
onion/legal	soluble	2	0.03912357613444328
onion/legal	helps	2	0.034531581215560436
onion/illegal	khadou3e.onion.HTML	2	0.03166944533586502
onion/illegal	&	2	0.03162378165870905
onion/illegal	Accessories	2	0.031346735544502735
onion/illegal	Thu	2	0.03128003142774105
onion/illegal	25	2	0.031490190885961056
onion/illegal	Aug	2	0.031566742807626724
onion/illegal	2016	2	0.031875728629529476
onion/illegal	01:30:48	2	0.03184369578957558
onion/illegal	0000	2	0.03203249257057905
onion/illegal	hourly	2	0.03255741484463215
onion/illegal	Skunk	2	0.03257058933377266
onion/illegal	10	2	0.03215711750090122
onion/illegal	2Fnapuzdankhadou3e.onion%2Fproduct%2F14g	2	0.03333543427288532
onion/illegal	alternate	2	0.03199523128569126
onion/illegal	xml	2	0.032302938401699066
onion/illegal	Viagra(r	2	0.029351486824452877
onion/illegal	it	2	0.028157188557088375
onion/illegal	2Fnapuzdankhadou3e.onion%2Fproduct%2F0	2	0.031242583878338337
onion/illegal	5-grams	2	0.0314364954829216
onion/illegal	haze	2	0.03343573398888111
onion/legal	its	2	0.02995480317622423
onion/legal	number	2	0.02954718377441168
onion/legal	's	2	0.028920454904437065
onion/legal	available	2	0.02244297368451953
onion/legal	48	2	0.02702763956040144
onion/legal	96	2	0.027009304612874985
onion/legal	0.015	2	0.0186171168461442
onion/illegal	before	2	0.018030306790024042
onion/legal	Priligy	2	0.019897920079529285
onion/legal	Poxet	2	0.019880912266671658
onion/legal	we	2	0.017572378739714622
onion/legal	flavors	2	0.015280769672244787
onion/illegal	if	2	0.011366842314600945
onion/illegal	2	2	0.011306561063975096
onion/illegal	hours	2	0.011306931264698505
onion/legal	popular	2	0.009072315879166126
onion/legal	easy	2	0.009165183175355196
onion/legal	generally	2	0.0098070721141994
onion/legal	successful	2	0.009134496096521616
onion/legal	hours	2	0.009163754992187023
onion/legal	longer	2	0.009149079211056232
onion/legal	belongs	2	0.009085954632610083
onion/legal	PDE-5	2	0.009094920009374619
onion/legal	family	2	0.009117225650697947
onion/legal	vasodilators	2	0.009140508249402046
onion/legal	These	2	0.00917372852563858
onion/legal	drugs	2	0.009173931553959846
onion/legal	work	2	0.009184081573039293
onion/legal	dilating	2	0.009196636267006397
onion/legal	vessels	2	0.00920376367866993
onion/legal	particularly	2	0.009215067606419325
onion/legal	around	2	0.00920508150011301
onion/legal	turn	2	0.009237105492502451
onion/legal	stronger	2	0.009270263370126486
onion/legal	enable	2	0.009192661847919226
onion/legal	place	2	0.009151092730462551
onion/legal	stimulation	2	0.009217115119099617
onion/legal	required	2	0.009223876520991325
onion/legal	develop	2	0.009202727116644382
onion/legal	patients	2	0.008367502596229315
onion/legal	'	2	0.008385078515857458
onion/legal	lower	2	0.008353395853191614
onion/legal	Subscribe	1	0.25054317712783813
onion/legal	News	1	0.2511056065559387
onion/legal	WE	1	0.24909639358520508
onion/legal	NOW	1	0.24919341504573822
onion/legal	ACCEPT	1	0.2500125467777252
onion/legal	PAYEER	1	0.2516975700855255
onion/legal	199.49	1	0.21598313748836517
onion/legal	shipping	1	0.1989172101020813
onion/illegal	250	1	0.19969287514686584
onion/legal	Olymp	1	0.19972071051597595
onion/legal	Labs	1	0.20099776983261108
onion/legal	USA	1	0.1978406310081482
onion/legal	-9	1	0.20081502199172974
onion/legal	Days	1	0.20152293145656586
onion/illegal	Review	1	0.20012706518173218
onion/illegal	sellers	1	0.20064587891101837
onion/illegal	here	1	0.19988574087619781
onion/legal	wait	1	0.1666502058506012
onion/legal	code	1	0.16686075925827026
onion/legal	Tesla	1	0.16717667877674103
onion/illegal	11	1	0.16400562226772308
onion/legal	Phentermine	1	0.16686448454856873
onion/legal	37,5	1	0.16601774096488953
onion/legal	200,00	1	0.1658022701740265
onion/legal	K-25	1	0.16737370193004608
onion/legal	Other	1	0.16661736369132996
onion/legal	Known	1	0.1664009541273117
onion/legal	Names	1	0.16655577719211578
onion/legal	DIAZEPAM	1	0.14399933815002441
onion/legal	tab	1	0.14204223453998566
onion/legal	VALIUM	1	0.1428399682044983
onion/legal	10MG	1	0.14258205890655518
onion/legal	healthcare	1	0.14393603801727295
onion/legal	pharmaceutical	1	0.1431388109922409
onion/legal	India	1	0.14242872595787048
onion/legal	Turanabol	1	0.14351406693458557
onion/illegal	Update	1	0.14483404159545898
onion/illegal	1/3/2017	1	0.14814727008342743
onion/illegal	Happy	1	0.14209163188934326
onion/illegal	Year	1	0.14151637256145477
onion/illegal	Products	1	0.14449818432331085
onion/illegal	576	1	0.14071330428123474
onion/illegal	Asteroid	1	0.14228355884552002
onion/illegal	OG	1	0.14378468692302704
onion/illegal	120	1	0.14291700720787048
onion/illegal	$	1	0.13991349935531616
onion/illegal	199,95	1	0.1465895175933838
onion/illegal	569	1	0.14076679944992065
onion/legal	MODAFINIL	1	0.12624338269233704
onion/legal	200MG	1	0.12563391029834747
onion/legal	PROVIGIL-200	1	0.12497595697641373
onion/legal	SUN	1	0.12475872784852982
onion/legal	SIGNATURE	1	0.12443440407514572
onion/illegal	Welcome	1	0.12510140240192413
onion/illegal	NEW	1	0.12509451806545258
onion/illegal	steroids	1	0.1247967928647995
onion/illegal	VIP	1	0.12498971074819565
onion/illegal	customers	1	0.12500406801700592
onion/legal	CLONAZEPAM	1	0.112460657954216
onion/legal	RIVOTRIL	1	0.11122939735651016
onion/legal	ABBOTT	1	0.11071399599313736
onion/legal	INTAS	1	0.11079367995262146
onion/illegal	Where	1	0.09768575429916382
onion/illegal	cocaine	1	0.10473313182592392
onion/legal	1319	1	0.11014372110366821
onion/legal	PEPTIDES	1	0.11131072789430618
onion/legal	23	1	0.11123688519001007
onion/legal	Choose	1	0.11275748908519745
onion/legal	language	1	0.11112440377473831
onion/legal	English	1	0.11073167622089386
onion/legal	1161	1	0.11040269583463669
onion/legal	Espanol	1	0.11002017557621002
onion/legal	1162	1	0.11045486479997635
onion/legal	Deutsch	1	0.11153479665517807
onion/legal	113	1	0.09971968829631805
onion/legal	Tadarise	1	0.09963510930538177
onion/legal	114	1	0.10003619641065598
onion/legal	Tamoxifen	1	0.10032205283641815
onion/legal	115	1	0.10002312064170837
onion/legal	TB-500	1	0.10048861056566238
onion/legal	Suhagra	1	0.1013723835349083
onion/legal	Force	1	0.09913203120231628
onion/illegal	code	1	0.10028061270713806
onion/illegal	customer	1	0.09997877478599548
onion/illegal	service	1	0.0999223068356514
onion/illegal	representative	1	0.09974687546491623
onion/illegal	Acetone	1	0.0865340605378151
onion/illegal	Peroxide	1	0.08720766752958298
onion/illegal	scraped	1	0.09110599011182785
onion/illegal	filter	1	0.093133345246315
onion/illegal	onto	1	0.09311679005622864
onion/illegal	spoon	1	0.09340935945510864
onion/illegal	dry	1	0.09014549106359482
onion/illegal	Alesse	1	0.05450860410928726
onion/illegal	preventing	1	0.08908769488334656
onion/illegal	pregnancy	1	0.10815270245075226
onion/illegal	2799	1	0.11423736065626144
onion/illegal	must	1	0.09145504981279373
onion/illegal	145	1	0.09073326736688614
onion/illegal	logged	1	0.09177187830209732
onion/illegal	comment	1	0.08965765684843063
onion/legal	Imovane	1	0.09130645543336868
onion/legal	Intas	1	0.09095052629709244
onion/legal	Zopicon	1	0.09047522395849228
onion/legal	7.5	1	0.09023828059434891
onion/legal	Zopiclone	1	0.0911809429526329
onion/legal	Injection	1	0.09123925864696503
onion/legal	18	1	0.0903271958231926
onion/legal	Iu	1	0.09073049575090408
onion/legal	Eli	1	0.09085344523191452
onion/legal	lily	1	0.0898008868098259
onion/legal	Ampule	1	0.0905367061495781
onion/legal	300	1	0.09187983721494675
onion/legal	Alphabol	1	0.07781954109668732
onion/legal	Cr	1	0.07716422528028488
onion/legal	Methandienone	1	0.07718324661254883
onion/legal	12hr	1	0.07659221440553665
onion/legal	Ctrl	1	0.07630234956741333
onion/legal	Relea	1	0.07675089687108994
onion/legal	25	1	0.0765606015920639
onion/legal	Tablets	1	0.07782792299985886
onion/illegal	Pack	1	0.07460295408964157
onion/illegal	Afghan	1	0.07348450273275375
onion/illegal	Mazari	1	0.07103709131479263
onion/illegal	Sharif	1	0.0704362541437149
onion/illegal	Casablanca	1	0.07130268961191177
onion/illegal	Love	1	0.07128138095140457
onion/legal	accept	1	0.0835336223244667
onion/legal	payments	1	0.08275236189365387
onion/legal	orders	1	0.08329346776008606
onion/legal	paid	1	0.08328956365585327
onion/legal	online	1	0.08355368673801422
onion/legal	ATIWAN-1MG	1	0.082766592502594
onion/legal	2MG	1	0.08304474502801895
onion/legal	ATIWAN-2MG	1	0.08279366791248322
onion/legal	Onax	1	0.07675980776548386
onion/legal	bar	1	0.076375812292099
onion/legal	Niravam	1	0.07710454612970352
onion/legal	Alprazolam	1	0.07697044312953949
onion/legal	120,00	1	0.07645636051893234
onion/legal	Strong	1	0.07807634770870209
onion/legal	You	1	0.06713663041591644
onion/legal	payment	1	0.06619169563055038
onion/legal	phone	1	0.06650346517562866
onion/legal	tablet	1	0.06682020425796509
onion/legal	device	1	0.06676018983125687
onion/legal	with	1	0.06678318977355957
onion/legal	Circle.com	1	0.0667543113231659
onion/legal	app	1	0.06657896190881729
onion/illegal	Mestinon	1	0.04374714940786362
onion/illegal	myasthenia	1	0.09440954029560089
onion/illegal	gravis	1	0.12221996486186981
onion/illegal	35547	1	0.10449876636266708
onion/illegal	12	1	0.07167144864797592
onion/illegal	Hash	1	0.07204652577638626
onion/legal	testosterone	1	0.07683169096708298
onion/legal	undecanoate	1	0.07668159157037735
onion/legal	Andriol	1	0.07708543539047241
onion/legal	Androfil	1	0.07651349902153015
onion/legal	testocaps	1	0.07645083218812943
onion/illegal	30	1	0.07702458649873734
onion/illegal	@p	1	0.07617725431919098
onion/illegal	43	1	0.07643187791109085
onion/illegal	koiwhitefluff	1	0.07570238411426544
onion/illegal	2670	1	0.0640868991613388
onion/illegal	2671	1	0.06339765340089798
onion/illegal	2672	1	0.06213313341140747
onion/illegal	2673	1	0.06153956055641174
onion/illegal	2674	1	0.061505258083343506
onion/illegal	2675	1	0.061400074511766434
onion/legal	Ciproflo	1	0.05885909125208855
onion/legal	broad	1	0.05845830217003822
onion/legal	spectrum	1	0.05853232368826866
onion/legal	urinary	1	0.05854539945721626
onion/legal	tract	1	0.05867275223135948
onion/legal	etc	1	0.058835167437791824
onion/illegal	Current	1	0.05719306692481041
onion/illegal	price	1	0.05950918048620224
onion/illegal	507.96	1	0.0637979805469513
onion/illegal	EUR	1	0.062479376792907715
onion/illegal	24	1	0.057044219225645065
onion/illegal	Us	1	0.05662783235311508
onion/illegal	Platinum	1	0.057584721595048904
onion/illegal	Members	1	0.0567181222140789
onion/illegal	23858	1	0.05757603049278259
onion/illegal	23859	1	0.05706595256924629
onion/illegal	23860	1	0.06344036012887955
onion/illegal	23861	1	0.061913348734378815
onion/illegal	23862	1	0.06128557771444321
onion/illegal	23863	1	0.05618223175406456
onion/legal	Eryacne	1	0.06722763925790787
onion/legal	Erythromycin	1	0.06683124601840973
onion/legal	Gel	1	0.06655051559209824
onion/legal	36.05	1	0.06660645455121994
onion/legal	Galderma	1	0.06673023104667664
onion/legal	Laboratories	1	0.06727970391511917
onion/illegal	13358	1	0.07491154223680496
onion/legal	Increased	1	0.06289250403642654
onion/legal	dietary	1	0.06294525414705276
onion/legal	protein	1	0.06297280639410019
onion/legal	results	1	0.06286301463842392
onion/legal	requirement	1	0.06209511309862137
onion/legal	68	1	0.06227589398622513
onion/legal	www.oregonstate.edu	1	0.06241859495639801
onion/legal	Close	1	0.06306427717208862
onion/legal	Dianabol	1	0.06269039958715439
onion/legal	Ds	1	0.06220370903611183
onion/legal	Methandrestenolone	1	0.062129925936460495
onion/legal	British	1	0.06238492205739021
onion/legal	Disp	1	0.062368668615818024
onion/legal	Pills	1	0.0624677874147892
onion/legal	140	1	0.06257116049528122
onion/legal	Best	1	0.06287918239831924
onion/legal	Deals	1	0.0630636066198349
onion/legal	prices	1	0.060508422553539276
onion/legal	Australian	1	0.06014927476644516
onion/legal	dollars	1	0.060130659490823746
onion/legal	AUD	1	0.06195906177163124
onion/legal	Weight	1	0.0643448531627655
onion/legal	Clear	1	0.06580233573913574
onion/illegal	23360	1	0.07522492855787277
onion/illegal	4782	1	0.06846214085817337
onion/legal	Cipla	1	0.06278714537620544
onion/legal	Tranax	1	0.0625995546579361
onion/illegal	Ciloxan	1	0.029125696048140526
onion/illegal	eye	1	0.0325004905462265
onion/illegal	certain	1	0.10025643557310104
onion/illegal	21790	1	0.08431529998779297
onion/illegal	Anafranil	1	0.025186214596033096
onion/illegal	obsessive	1	0.03254799544811249
onion/illegal	compulsive	1	0.05579385533928871
onion/illegal	disorder	1	0.07640878111124039
onion/illegal	OCD	1	0.09766963869333267
onion/illegal	35013	1	0.07111484557390213
onion/illegal	10715	1	0.0754655972123146
onion/illegal	32257	1	0.07484868913888931
onion/illegal	13120	1	0.07560879737138748
onion/legal	Equipose	1	0.05302196368575096
onion/legal	Boldenone	1	0.05284436419606209
onion/legal	Undecylenate	1	0.052657268941402435
onion/legal	Biochem	1	0.052660927176475525
onion/legal	10ml	1	0.052348505705595016
onion/legal	125	1	0.052277762442827225
onion/legal	Mastebolin	1	0.05243532732129097
onion/legal	Drostanolone	1	0.05290072411298752
onion/legal	Propionate	1	0.05286889895796776
onion/legal	100mgml	1	0.05244802311062813
onion/legal	X	1	0.05231895670294762
onion/legal	1ml	1	0.0526144802570343
onion/legal	Amps	1	0.05319598317146301
onion/illegal	4664	1	0.07134827226400375
onion/illegal	16656	1	0.07471714913845062
onion/legal	HEALTH	1	0.050538789480924606
onion/legal	154	1	0.04982166737318039
onion/legal	OTHER	1	0.04985342547297478
onion/legal	155	1	0.04996436834335327
onion/legal	OFFERS	1	0.049803562462329865
onion/legal	76	1	0.04978850111365318
onion/legal	purpose	1	0.05005669593811035
onion/legal	usage	1	0.05051841959357262
onion/illegal	Obvious	1	0.05243166536092758
onion/illegal	advantage	1	0.052548542618751526
onion/illegal	friend	1	0.05262283980846405
onion/illegal	discount	1	0.052808068692684174
onion/illegal	give	1	0.052661553025245667
onion/illegal	try	1	0.05272219702601433
onion/legal	tly	1	0.055608443915843964
onion/legal	'm	1	0.05533883348107338
onion/legal	pharmacist	1	0.05548730120062828
onion/legal	would	1	0.05575695261359215
onion/illegal	33861	1	0.07400966435670853
onion/illegal	This	1	0.05510896071791649
onion/illegal	steady	1	0.05591324344277382
onion/illegal	march	1	0.055496763437986374
onion/illegal	towards	1	0.05556211993098259
onion/illegal	government	1	0.055682241916656494
onion/illegal	making	1	0.05556681007146835
onion/illegal	all	1	0.05534300580620766
onion/illegal	but	1	0.05571126192808151
onion/illegal	their	1	0.05595087632536888
onion/illegal	taxable	1	0.055908240377902985
onion/illegal	controlled	1	0.055497024208307266
onion/illegal	illegal	1	0.05521092936396599
onion/legal	Date	1	0.052914876490831375
onion/legal	29	1	0.05287160351872444
onion/legal	Jul	1	0.05278649926185608
onion/legal	0.9016	1	0.05242783576250076
onion/legal	EUR	1	0.052444908767938614
onion/legal	0.6497	1	0.052089937031269073
onion/legal	LIVE	1	0.05257030948996544
onion/legal	282	1	0.05288736894726753
onion/legal	TORCHAT	1	0.052957165986299515
onion/legal	aaejyxtjlxurhugo	1	0.05256255343556404
onion/legal	offline	1	0.05274903029203415
onion/legal	Citalopram	1	0.04996010288596153
onion/illegal	I	1	0.049810539931058884
onion/illegal	MPA	1	0.0501265674829483
onion/illegal	anywhere	1	0.05015217885375023
onion/illegal	154	1	0.049497149884700775
onion/illegal	Bitcoin	1	0.049984775483608246
onion/illegal	tenner	1	0.049395602196455
onion/illegal	pediatrician	1	0.04554593190550804
onion/illegal	regarding	1	0.04538433998823166
onion/illegal	children	1	0.04540732502937317
onion/illegal	Special	1	0.04530787840485573
onion/illegal	needed	1	0.04554521292448044
onion/illegal	d	1	0.044934194535017014
onion/illegal	ents	1	0.04589478671550751
onion/illegal	feed	1	0.04582775756716728
onion/illegal	-3/feed	1	0.045631565153598785
onion/illegal	Home	1	0.04413699731230736
onion/legal	Stablon	1	0.040628280490636826
onion/legal	Tieneptine	1	0.04019356891512871
onion/legal	12.5	1	0.03998642787337303
onion/legal	74.19	1	0.03957078978419304
onion/legal	Serdia	1	0.03974667191505432
onion/legal	Servier	1	0.04032887890934944
onion/legal	hyperlipidemia	1	0.0403243750333786
onion/legal	coronary	1	0.04032454639673233
onion/legal	Available	1	0.03994365409016609
onion/legal	doses	1	0.03997299447655678
onion/legal	SW	1	0.03850771486759186
onion/legal	ASIAN	1	0.038566771894693375
onion/legal	HEROIN-	1	0.038456887006759644
onion/legal	2x	1	0.038284264504909515
onion/legal	380	1	0.0385374054312706
onion/legal	0.582	1	0.03826607018709183
onion/legal	900	1	0.03864395618438721
onion/legal	1.377	1	0.03842642530798912
onion/legal	rely	1	0.03844177722930908
onion/legal	on	1	0.03850150480866432
onion/legal	provide	1	0.03851441293954849
onion/legal	By	1	0.03855907917022705
onion/legal	agree	1	0.03824349120259285
onion/legal	Ventolin	1	0.041456013917922974
onion/legal	Evohaler	1	0.041058287024497986
onion/legal	Salbutamol	1	0.041087064892053604
onion/legal	Albuterol	1	0.04104648903012276
onion/legal	mcg	1	0.041147325187921524
onion/legal	actuation	1	0.041457630693912506
onion/legal	Regional	1	0.04166598618030548
onion/legal	differences	1	0.04214923083782196
onion/legal	offer	1	0.04231460392475128
onion/legal	items	1	0.041815340518951416
onion/legal	significant	1	0.04144924506545067
onion/illegal	Avapro	1	0.02264411933720112
onion/illegal	20376	1	0.0613870806992054
onion/legal	Elomet	1	0.037524838000535965
onion/legal	furoate	1	0.03723406419157982
onion/legal	24.10	1	0.036855146288871765
onion/legal	Schering	1	0.03723198547959328
onion/legal	Plough	1	0.03685637563467026
onion/legal	Elocon	1	0.03710954263806343
onion/legal	Elocom	1	0.03713924065232277
onion/legal	Furoate	1	0.037135474383831024
onion/legal	Betnovate	1	0.03630264475941658
onion/legal	Scalp	1	0.035613443702459335
onion/legal	application	1	0.03548337146639824
onion/legal	lotion	1	0.03564189746975899
onion/legal	29.00	1	0.035607147961854935
onion/legal	GlaxoSmithKline	1	0.03581825643777847
onion/legal	Beta	1	0.03558717295527458
onion/legal	Val	1	0.03552720695734024
onion/legal	Lotion	1	0.03569047152996063
onion/illegal	As	1	0.03116854466497898
onion/illegal	long	1	0.03134441003203392
onion/illegal	dispatched	1	0.031176771968603134
onion/illegal	via	1	0.031292624771595
onion/illegal	email	1	0.031366366893053055
onion/illegal	so	1	0.03130096197128296
onion/illegal	please	1	0.03121473826467991
onion/illegal	Norvasc	1	0.02346818894147873
onion/illegal	32607	1	0.06056949868798256
onion/illegal	Cialis	1	0.024090562015771866
onion/illegal	Daily	1	0.024180609732866287
onion/illegal	erectile	1	0.02406877651810646
onion/illegal	dysfunction	1	0.0241407323628664
onion/illegal	appropriate	1	0.024265889078378677
onion/illegal	anticipate	1	0.026224752888083458
onion/illegal	frequent	1	0.031115494668483734
onion/illegal	sexual	1	0.035562656819820404
onion/illegal	activity	1	0.06503641605377197
onion/illegal	21886	1	0.061031609773635864
onion/illegal	best	1	0.02845275029540062
onion/illegal	kind	1	0.031099775806069374
onion/illegal	lamp	1	0.03079528920352459
onion/illegal	on	1	0.030327077955007553
onion/illegal	workbench	1	0.030496586114168167
onion/illegal	where	1	0.03064032271504402
onion/illegal	fireworks	1	0.031046472489833832
onion/illegal	made	1	0.03167199343442917
onion/illegal	due	1	0.03174890577793121
onion/illegal	put	1	0.031072327867150307
onion/illegal	electrical	1	0.030546970665454865
onion/illegal	sparks	1	0.03017100691795349
onion/illegal	happen	1	0.028286738321185112
onion/illegal	When	1	0.02936440147459507
onion/illegal	're	1	0.0292387455701828
onion/illegal	ready	1	0.02932751551270485
onion/illegal	pay	1	0.0294154305011034
onion/illegal	write	1	0.029374688863754272
onion/illegal	properly	1	0.029443981125950813
onion/illegal	then	1	0.02951943688094616
onion/illegal	'll	1	0.029332207515835762
onion/illegal	bit	1	0.02958073280751705
onion/illegal	payment	1	0.029443230479955673
onion/illegal	shipped	1	0.02922676131129265
onion/illegal	immediately	1	0.029301151633262634
onion/illegal	Cartia	1	0.02140498347580433
onion/illegal	XT	1	0.0216548889875412
onion/illegal	chronic	1	0.022426243871450424
onion/illegal	stable	1	0.022256573662161827
onion/illegal	combination	1	0.025455230847001076
onion/illegal	16228	1	0.054914385080337524
onion/illegal	S	1	0.03032764419913292
onion/illegal	kip	1	0.030470004305243492
onion/illegal	cannabis	1	0.02550991252064705
onion/illegal	Anything	1	0.025107551366090775
onion/illegal	less	1	0.025260914117097855
onion/illegal	than	1	0.025317100808024406
onion/illegal	top	1	0.025293881073594093
onion/illegal	quality	1	0.02527228556573391
onion/illegal	noted	1	0.02498476393520832
onion/illegal	listing	1	0.02490200661122799
onion/illegal	my	1	0.025024982169270515
onion/illegal	feedback	1	0.024951033294200897
onion/illegal	6	1	0.025072209537029266
onion/illegal	using	1	0.024892708286643028
onion/illegal	contact	1	0.02514839358627796
onion/illegal	me	1	0.025015350431203842
onion/illegal	nwn@420blaze.it	1	0.0248104240745306
onion/illegal	Dilantin	1	0.017797322943806648
onion/illegal	tonic	1	0.01817135699093342
onion/illegal	clonic	1	0.018150560557842255
onion/illegal	grand	1	0.01824486441910267
onion/illegal	mal	1	0.01811511442065239
onion/illegal	partial	1	0.01846478506922722
onion/illegal	also	1	0.018722129985690117
onion/illegal	prevent	1	0.019281860440969467
onion/illegal	occur	1	0.019284259527921677
onion/illegal	during	1	0.01948881335556507
onion/illegal	after	1	0.021734654903411865
onion/illegal	brain	1	0.020986957475543022
onion/illegal	nervous	1	0.03546341881155968
onion/illegal	system	1	0.04678119346499443
onion/illegal	36860	1	0.04667267948389053
onion/legal	Effective	1	0.028585614636540413
onion/legal	Male	1	0.028344344347715378
onion/legal	dysfunction).Premature	1	0.028185013681650162
onion/legal	cream	1	0.02835242450237274
onion/legal	containing	1	0.028391458094120026
onion/legal	ginseng	1	0.028395626693964005
onion/legal	applied	1	0.02876615896821022
onion/legal	directly	1	0.028758708387613297
onion/legal	skin	1	0.028750909492373466
onion/legal	penis	1	0.028548408299684525
onion/legal	www.rxlist.com	1	0.028756961226463318
onion/illegal	Sumycin	1	0.019307326525449753
onion/illegal	antibiotic	1	0.019353529438376427
onion/illegal	fights	1	0.019565030932426453
onion/illegal	many	1	0.019423941150307655
onion/illegal	different	1	0.01934354193508625
onion/illegal	bacterial	1	0.019306734204292297
onion/illegal	acne	1	0.019157370552420616
onion/illegal	gonorrhea	1	0.01934526301920414
onion/illegal	chlamydia	1	0.02073298953473568
onion/illegal	others	1	0.05810225009918213
onion/illegal	11303	1	0.051046259701251984
onion/legal	Maca	1	0.02345229685306549
onion/legal	tired	1	0.023242834955453873
onion/legal	anemia	1	0.023352235555648804
onion/legal	chronic	1	0.02335960790514946
onion/legal	syndrome	1	0.02333037741482258
onion/legal	CFS	1	0.0233281459659338
onion/legal	enhancing	1	0.023166852071881294
onion/legal	energy	1	0.02312605455517769
onion/legal	staminaa	1	0.023252742365002632
onion/legal	arouse	1	0.02305525541305542
onion/legal	desire	1	0.023057369515299797
onion/legal	boost	1	0.023062309250235558
onion/legal	immune	1	0.023133128881454468
onion/legal	system	1	0.023175526410341263
onion/legal	57	1	0.023331422358751297
onion/legal	www.webmd.com	1	0.023527001962065697
onion/illegal	Nice	1	0.02384592406451702
onion/illegal	looking	1	0.023849591612815857
onion/illegal	cyrstally	1	0.02389446087181568
onion/illegal	kush	1	0.02375815249979496
onion/illegal	sweet	1	0.023860683664679527
onion/illegal	flavour	1	0.02396410144865513
onion/illegal	potent	1	0.0239168219268322
onion/illegal	indica	1	0.023860400542616844
onion/illegal	strain	1	0.0238370168954134
onion/illegal	Product	1	0.023979170247912407
onion/illegal	Price	1	0.024067234247922897
onion/illegal	Quantity	1	0.02400466427206993
onion/illegal	20	1	0.02392963133752346
onion/illegal	155	1	0.02385757304728031
onion/illegal	0.351	1	0.023799704387784004
onion/illegal	50	1	0.023904629051685333
onion/illegal	340	1	0.023792056366801262
onion/illegal	0.769	1	0.023725923150777817
onion/illegal	100	1	0.023858819156885147
onion/illegal	625	1	0.023727616295218468
onion/illegal	1.414	1	0.023619435727596283
onion/illegal	CannabisUK	1	0.023547586053609848
onion/illegal	Artane	1	0.017959918826818466
onion/illegal	Parkinson	1	0.018127677962183952
onion/illegal	By	1	0.018239038065075874
onion/illegal	improving	1	0.01821855828166008
onion/illegal	muscle	1	0.018247339874505997
onion/illegal	control	1	0.01824520155787468
onion/illegal	reducing	1	0.018271466717123985
onion/illegal	stiffness	1	0.018280215561389923
onion/illegal	allows	1	0.01824002154171467
onion/illegal	normal	1	0.018324390053749084
onion/illegal	movements	1	0.018389830365777016
onion/illegal	reduced	1	0.0700250044465065
onion/illegal	29997	1	0.05047158896923065
onion/illegal	Levitra	1	0.017452344298362732
onion/illegal	erection	1	0.017579685896635056
onion/illegal	tabs	1	0.017667392268776894
onion/illegal	chewable	1	0.017924338579177856
onion/illegal	absorbed	1	0.01802842691540718
onion/illegal	directly	1	0.017965473234653473
onion/illegal	into	1	0.01799016259610653
onion/illegal	bloodstream	1	0.017959119752049446
onion/illegal	require	1	0.01805748976767063
onion/illegal	much	1	0.018192971125245094
onion/illegal	smaller	1	0.019099421799182892
onion/illegal	achieve	1	0.03139530122280121
onion/illegal	same	1	0.05260121822357178
onion/illegal	result	1	0.0624086931347847
onion/illegal	29393	1	0.04700462520122528
onion/legal	Treats	1	0.024403272196650505
onion/legal	problems	1	0.024269526824355125
onion/legal	memory	1	0.024481818079948425
onion/legal	loss	1	0.024401644244790077
onion/legal	high	1	0.024312956258654594
onion/legal	pressure	1	0.024264462292194366
onion/legal	bronchitis	1	0.02435166947543621
onion/legal	joint	1	0.02434992790222168
onion/legal	pain	1	0.02430236153304577
onion/legal	osteoporosis	1	0.024428142234683037
onion/legal	Pyridoxal	1	0.023249506950378418
onion/legal	phosphate	1	0.023171285167336464
onion/legal	metabolically	1	0.02315911464393139
onion/legal	form	1	0.023166349157691002
onion/legal	involved	1	0.023092608898878098
onion/legal	aspects	1	0.02336438000202179
onion/legal	macronutrient	1	0.023528290912508965
onion/legal	metabolism	1	0.023544274270534515
onion/legal	neurotransmitter	1	0.023375196382403374
onion/legal	histamine	1	0.023217719048261642
onion/legal	hemoglobin	1	0.023241477087140083
onion/legal	gene	1	0.023265624418854713
onion/legal	expression	1	0.02321859449148178
onion/legal	64	1	0.02322247624397278
onion/legal	www.wikipedia.org	1	0.02329389937222004
onion/legal	They	1	0.020204612985253334
onion/legal	need	1	0.020175164565443993
onion/legal	these	1	0.02011324279010296
onion/legal	female	1	0.019984520971775055
onion/legal	women	1	0.01994076557457447
onion/legal	kidney	1	0.01993757300078869
onion/legal	infection	1	0.019992001354694366
onion/legal	prostate	1	0.020030047744512558
onion/legal	cancer	1	0.020018190145492554
onion/legal	unusual	1	0.020008793100714684
onion/legal	allergic	1	0.019962456077337265
onion/legal	reaction	1	0.019931867718696594
onion/legal	medicines	1	0.019830089062452316
onion/legal	foods	1	0.01985272392630577
onion/legal	dyes	1	0.019891152158379555
onion/legal	preservatives	1	0.020112404599785805
onion/illegal	Keflex	1	0.018737489357590675
onion/illegal	group	1	0.018750451505184174
onion/illegal	called	1	0.018674934282898903
onion/illegal	cephalosporin	1	0.018654610961675644
onion/illegal	antibiotics	1	0.01866498962044716
onion/illegal	including	1	0.018837114796042442
onion/illegal	upper	1	0.01873667538166046
onion/illegal	respiratory	1	0.018667181953787804
onion/illegal	ear	1	0.018626727163791656
onion/illegal	11263	1	0.050884488970041275
onion/legal	Retino	1	0.020125586539506912
onion/legal	five	1	0.020061230286955833
onion/legal	gram	1	0.019996341317892075
onion/legal	Retin	1	0.01991267502307892
onion/legal	89.99	1	0.019972816109657288
onion/legal	Sun	1	0.020732205361127853
onion/legal	Bimatoprost	1	0.020704597234725952
onion/legal	0.03	1	0.020672570914030075
onion/legal	Solution	1	0.020746102556586266
onion/legal	t	1	0.020720310509204865
onion/legal	formulation	1	0.02070474810898304
onion/legal	Lumigan	1	0.020730121061205864
onion/legal	Latisse	1	0.02070434018969536
onion/legal	Bimat	1	0.02075306884944439
onion/legal	Many	1	0.02092902362346649
onion/legal	customers	1	0.02095058374106884
onion/legal	buy	1	0.0209342148154974
onion/legal	this	1	0.020936964079737663
onion/legal	resale	1	0.02097243256866932
onion/legal	market	1	0.020964793860912323
onion/legal	North	1	0.020851537585258484
onion/legal	America	1	0.020834026858210564
onion/legal	Europe	1	0.020916281268000603
onion/legal	30-$40	1	0.020856201648712158
onion/legal	bottle	1	0.021058743819594383
onion/legal	Diflucan	1	0.022178668528795242
onion/legal	antifungal	1	0.02209826372563839
onion/legal	treat	1	0.02222813479602337
onion/legal	caused	1	0.022265763953328133
onion/legal	fungus	1	0.022275427356362343
onion/legal	invade	1	0.02235046960413456
onion/legal	part	1	0.022357605397701263
onion/legal	mouth	1	0.022130673751235008
onion/legal	throat	1	0.022104747593402863
onion/legal	esophagus	1	0.022037090733647346
onion/legal	lungs	1	0.02208174578845501
onion/legal	bladder	1	0.022167205810546875
onion/illegal	Side	1	0.018785342574119568
onion/illegal	effects	1	0.018889082595705986
onion/illegal	should	1	0.018884239718317986
onion/illegal	report	1	0.01883964240550995
onion/illegal	doctor	1	0.01890961267054081
onion/illegal	breathing	1	0.018785566091537476
onion/illegal	wheezing	1	0.018840406090021133
onion/illegal	shortness	1	0.018781444057822227
onion/illegal	breath	1	0.018753886222839355
onion/illegal	excessive	1	0.018866341561079025
onion/illegal	sweating	1	0.01884419657289982
onion/illegal	intolerance	1	0.01894322782754898
onion/illegal	fast	1	0.01881539262831211
onion/illegal	irregular	1	0.018818290904164314
onion/illegal	heartbeat	1	0.0188274085521698
onion/illegal	nervousness	1	0.018869636580348015
onion/illegal	hives	1	0.0188906230032444
onion/illegal	ankles	1	0.018836060538887978
onion/illegal	feet	1	0.018932797014713287
onion/illegal	legs	1	0.018835006281733513
onion/illegal	tremors	1	0.018719477578997612
onion/legal	Celecoxib100/200	1	0.01925177499651909
onion/legal	56.80	1	0.019065288826823235
onion/legal	Pfizer	1	0.019371559843420982
onion/legal	Celecoxib100	1	0.01925629936158657
onion/legal	277.75	1	0.019041677936911583
onion/legal	Erectile	1	0.02164035476744175
onion/legal	Dysfunction	1	0.02162579447031021
onion/legal	ED	1	0.021701915189623833
onion/legal	more	1	0.021832434460520744
onion/legal	easily	1	0.02186492271721363
onion/legal	swallowed	1	0.02180677093565464
onion/legal	than	1	0.02176487445831299
onion/legal	suitable	1	0.02183382585644722
onion/legal	elderly	1	0.021822944283485413
onion/legal	difficulty	1	0.02194058895111084
onion/legal	swallowing	1	0.021908029913902283
onion/legal	Water	1	0.01952037774026394
onion/legal	vitamins	1	0.01963675022125244
onion/legal	dissolve	1	0.019650008529424667
onion/legal	store	1	0.019652381539344788
onion/legal	them	1	0.01965363509953022
onion/legal	Make	1	0.019613394513726234
onion/legal	antibodies	1	0.01964915730059147
onion/legal	Antibodies	1	0.019656015560030937
onion/legal	needed	1	0.019621508195996284
onion/legal	fight	1	0.01953759416937828
onion/legal	diseases	1	0.01959865912795067
onion/legal	Maintain	1	0.019609607756137848
onion/legal	normal	1	0.019643286243081093
onion/legal	nerve	1	0.01963908225297928
onion/legal	65	1	0.019479786977171898
onion/legal	www.nlm.nih.gov	1	0.019570117816329002
onion/illegal	annabis	1	0.01638934761285782
onion/illegal	seeds	1	0.01648167334496975
onion/illegal	free	1	0.016404086723923683
onion/illegal	shipping/	1	0.016373710706830025
onion/illegal	e	1	0.016766881570219994
onion/illegal	TranWreck	1	0.01637245900928974
onion/illegal	F.E	1	0.016423704102635384
onion/illegal	haze%2F	1	0.01658990979194641
onion/illegal	haze%2F&format	1	0.01681891828775406
onion/illegal	alt	1	0.01669325865805149
onion/illegal	ernate	1	0.016341760754585266
onion/illegal	Intagra(r	1	0.014577342197299004
onion/illegal	manufactured	1	0.013885756023228168
onion/illegal	Intas	1	0.01356959342956543
onion/illegal	Pharmaceuticals	1	0.013569877482950687
onion/illegal	Ltd	1	0.013590085320174694
onion/illegal	India	1	0.013712022453546524
onion/illegal	Being	1	0.014703242108225822
onion/illegal	well	1	0.014894725754857063
onion/illegal	known	1	0.014995819889008999
onion/illegal	deserves	1	0.017823919653892517
onion/illegal	right	1	0.015862811356782913
onion/illegal	great	1	0.016979841515421867
onion/illegal	solution	1	0.015547111630439758
onion/illegal	every	1	0.01549965888261795
onion/illegal	man	1	0.015736646950244904
onion/illegal	suffering	1	0.016531027853488922
onion/illegal	ca	1	0.015470845624804497
onion/illegal	n't	1	0.01586907170712948
onion/illegal	allow	1	0.0176162701100111
onion/illegal	bying	1	0.018554210662841797
onion/illegal	expensive	1	0.02355561964213848
onion/illegal	brand	1	0.040273938328027725
onion/illegal	17252	1	0.039144180715084076
onion/illegal	illa	1	0.015218273736536503
onion/illegal	glue/	1	0.015350673347711563
onion/illegal	ed/	1	0.015951190143823624
onion/illegal	Dank	1	0.01594427041709423
onion/illegal	sample%2F	1	0.0157431960105896
onion/illegal	lternate	1	0.015690991654992104
onion/illegal	sample%2F&f	1	0.015800192952156067
onion/illegal	ormat	1	0.01565510593354702
onion/legal	Tadaga	1	0.014985607005655766
onion/legal	Super	1	0.015000453218817711
onion/legal	54.68	1	0.014759229496121407
onion/legal	68.36	1	0.014764239080250263
onion/legal	88.07	1	0.014790641143918037
onion/legal	185.99	1	0.014746231958270073
onion/legal	Cenforce	1	0.014190847054123878
onion/legal	45.61	1	0.014058743603527546
onion/legal	59.33	1	0.014131867326796055
onion/legal	77.18	1	0.014158236794173717
onion/legal	Centurion	1	0.01432046853005886
onion/legal	SnovitraVardenafil20	1	0.015605189837515354
onion/legal	52.68	1	0.0154569111764431
onion/legal	66.25	1	0.015501914545893669
onion/legal	98.10	1	0.015490857884287834
onion/legal	Vardenafil	1	0.015714483335614204
onion/legal	163.99	1	0.015407180413603783
onion/legal	Commonly	1	0.015143079683184624
onion/legal	known	1	0.01511777751147747
onion/legal	horny	1	0.01507766917347908
onion/legal	goat	1	0.015092846937477589
onion/legal	weed	1	0.015103877522051334
onion/legal	herb	1	0.01512531191110611
onion/legal	U.S.	1	0.014982510358095169
onion/legal	mainly	1	0.014980618841946125
onion/legal	leaves	1	0.015077591873705387
onion/legal	widely	1	0.015079165808856487
onion/legal	weak	1	0.014897114597260952
onion/legal	back	1	0.014935752376914024
onion/legal	knees	1	0.014912458136677742
onion/legal	viral	1	0.01482048723846674
onion/legal	Moreover	1	0.015088151209056377
onion/legal	because	1	0.015084410086274147
onion/legal	specific	1	0.014951862394809723
onion/legal	increase	1	0.014790001325309277
onion/legal	improves	1	0.014446713961660862
onion/legal	Cannabidiol	1	0.014833147637546062
onion/legal	rapidly	1	0.014802021905779839
onion/legal	popularity	1	0.014698155224323273
onion/legal	after	1	0.014764678664505482
onion/legal	research	1	0.01476265862584114
onion/legal	studies	1	0.014776566997170448
onion/legal	ascertained	1	0.01479271985590458
onion/legal	therapeutic	1	0.014822850935161114
onion/legal	ability	1	0.014869109727442265
onion/legal	act	1	0.014889340847730637
onion/legal	vast	1	0.014826571568846703
onion/legal	ailments	1	0.014793610200285912
onion/legal	Inflammation	1	0.014615313149988651
onion/legal	Glioma	1	0.01452163327485323
onion/legal	Brain	1	0.014479177072644234
onion/legal	Injuries	1	0.014456369914114475
onion/legal	Alzheimer	1	0.014357252046465874
onion/legal	Diabetes	1	0.014338452368974686
onion/legal	Cancer	1	0.014339052140712738
onion/legal	Epilepsy	1	0.014362096786499023
onion/legal	Parkinson	1	0.014461928978562355
onion/legal	Multiple	1	0.014708482660353184
onion/legal	...	1	0.014749592170119286
onion/legal	Not	1	0.014814536087214947
onion/legal	sale	1	0.014850937761366367
onion/legal	14	1	0.014915652573108673
onion/legal	235.00	1	0.014826416969299316
onion/legal	NZD	1	0.014843661338090897
onion/legal	0.3008	1	0.014765906147658825
onion/legal	BTC	1	0.014816616661846638
onion/legal	Eriacta	1	0.01485706027597189
onion/legal	36.74	1	0.01450932677835226
onion/legal	66.37	1	0.014592604711651802
onion/legal	91.16	1	0.014563379809260368
onion/legal	Ranbaxy	1	0.014841867610812187
onion/legal	40.10	1	0.012231062166392803
onion/legal	60.05	1	0.012166778557002544
onion/legal	108.40	1	0.012221947312355042
onion/legal	179.52	1	0.012150024995207787
onion/legal	204	1	0.012352723628282547
onion/legal	51	1	0.012288623489439487
onion/legal	Pack	1	0.013720355927944183
onion/legal	10x1cc	1	0.013639606535434723
onion/legal	BD	1	0.013658596202731133
onion/legal	Insulin	1	0.013691110536456108
onion/legal	Syringes	1	0.013690201565623283
onion/legal	SAMPLER	1	0.013791024684906006
onion/legal	One	1	0.013702815398573875
onion/legal	Point	1	0.013715325854718685
onion/legal	Of	1	0.013718046247959137
onion/legal	Heroin	1	0.013673675246536732
onion/legal	0.10	1	0.013691204600036144
onion/legal	0.046	1	0.013737036846578121
onion/legal	QUATER	1	0.01373688131570816
onion/legal	0.25	1	0.013643200509250164
onion/legal	55	1	0.013711854815483093
onion/legal	0.084	1	0.013732744380831718
onion/legal	HALF	1	0.013671827502548695
onion/legal	0.50	1	0.013615208677947521
onion/legal	0.153	1	0.013712743297219276
onion/legal	1.0	1	0.013645702041685581
onion/legal	180	1	0.013751223683357239
onion/illegal	homepage	1	0.012388675473630428
onion/illegal	mailing	1	0.012322654947638512
onion/illegal	only	1	0.012364037334918976
onion/illegal	five	1	0.012360201217234135
onion/illegal	minutes	1	0.012393303215503693
onion/illegal	answers	1	0.012342379428446293
onion/illegal	Dutch	1	0.012485542334616184
onion/illegal	Description	1	0.01248402614146471
onion/illegal	Our	1	0.012431642040610313
onion/illegal	famous	1	0.012421466410160065
onion/illegal	weed	1	0.01241327915340662
onion/illegal	sample	1	0.012373771518468857
onion/illegal	pack	1	0.012373790144920349
onion/illegal	back	1	0.012338983826339245
onion/illegal	fixed	1	0.012299180030822754
onion/illegal	assortment	1	0.012297427281737328
onion/illegal	strains	1	0.012292648665606976
onion/illegal	grams	1	0.012272827327251434
onion/illegal	total	1	0.012263589538633823
onion/illegal	Greenhouse	1	0.012265077792108059
onion/illegal	Spanish	1	0.012226867489516735
onion/illegal	Tunnel	1	0.012258600443601608
onion/illegal	Blue	1	0.012349545024335384
onion/illegal	Cheese	1	0.012341553345322609
onion/illegal	C4	1	0.012266061268746853
onion/illegal	Thanks	1	0.012295865453779697
onion/illegal	ordering	1	0.01231062039732933
onion/illegal	DutchMagic	1	0.012296119704842567
onion/illegal	The	1	0.012272789143025875
onion/illegal	largest	1	0.01226226519793272
onion/illegal	online	1	0.012300367467105389
onion/illegal	coffee	1	0.01243861299008131
onion/illegal	world	1	0.012383745983242989
onion/legal	48.10	1	0.009820089675486088
onion/legal	61.60	1	0.009823338128626347
onion/legal	79.05	1	0.009812997654080391
onion/legal	131.02	1	0.009765186347067356
onion/legal	Parex	1	0.009946678765118122
onion/legal	Sunrise	1	0.009871423244476318
onion/legal	Remedies	1	0.009907012805342674
onion/legal	please	1	0.009851358830928802
onion/legal	note	1	0.009859598241746426
onion/legal	that	1	0.009877246804535389
onion/legal	ship	1	0.009891598485410213
onion/legal	out	1	0.009878372773528099
onion/legal	Vriligy	1	0.009899559430778027
onion/legal	brands	1	0.00988901685923338
onion/legal	interchangeably	1	0.009864638559520245
onion/legal	Janssen	1	0.009904694743454456
onion/legal	Cilag	1	0.009967049583792686
onion/legal	Dapoxetine60	1	0.009916389361023903
onion/legal	640.00	1	0.009866427630186081
onion/legal	1,030	1	0.00994772370904684
onion/legal	EU	1	0.01011727750301361
onion/legal	Sildigra	1	0.007522613275796175
onion/legal	Note	1	0.007562866434454918
onion/legal	item	1	0.007616840302944183
onion/legal	comes	1	0.0076044704765081406
onion/legal	Vanilla	1	0.007570040412247181
onion/legal	pictured	1	0.007572360336780548
onion/legal	above	1	0.007555578835308552
onion/legal	Orange	1	0.007508907932788134
onion/legal	Strawberry	1	0.007524214684963226
onion/legal	Pineapple	1	0.007534602656960487
onion/legal	randomly	1	0.007752796169370413
onion/legal	selected	1	0.007762584835290909
onion/legal	order	1	0.007762480061501265
onion/legal	mfg	1	0.007686801254749298
onion/legal	does	1	0.007752795238047838
onion/legal	n't	1	0.007765477988868952
onion/legal	specify	1	0.0077428328804671764
onion/legal	're	1	0.007672775536775589
onion/legal	restocking	1	0.007619123440235853
onion/legal	44.62	1	0.007531492970883846
onion/legal	58.43	1	0.007457326631993055
onion/legal	76.24	1	0.007463241461664438
onion/legal	Also	1	0.007514262106269598
onion/legal	160	1	0.007704098243266344
onion/legal	inquire	1	0.007743855472654104
onion/illegal	Tell	1	0.005687312688678503
onion/illegal	improve	1	0.00567278079688549
onion/illegal	3	1	0.005664825905114412
onion/illegal	days	1	0.0056747496128082275
onion/illegal	allergic	1	0.0056352210231125355
onion/illegal	reaction	1	0.005632602609694004
onion/illegal	itching	1	0.005635837092995644
onion/illegal	swallowing	1	0.005668056663125753
onion/illegal	face	1	0.005695043597370386
onion/illegal	lips	1	0.005721003282815218
onion/illegal	tongue	1	0.0057453871704638
onion/illegal	Keep	1	0.005853046663105488
onion/illegal	wear	1	0.00578873697668314
onion/illegal	protective	1	0.005758369341492653
onion/illegal	clothing	1	0.0057433717884123325
onion/illegal	outdoors	1	0.005739928223192692
onion/illegal	sunscreen	1	0.00569956935942173
onion/illegal	Do	1	0.005701711401343346
onion/illegal	lamps	1	0.005700585898011923
onion/illegal	tanning	1	0.005681988783180714
onion/illegal	beds	1	0.005674802232533693
onion/illegal	booths	1	0.005665965843945742
onion/illegal	severe	1	0.005660977214574814
onion/illegal	watery	1	0.0056618982926011086
onion/illegal	diarrhea	1	0.005683821626007557
onion/illegal	yourself	1	0.005684399511665106
onion/illegal	Call	1	0.005683001596480608
onion/illegal	advice	1	0.005655829794704914
onion/illegal	Antacids	1	0.005669251549988985
onion/illegal	stop	1	0.005657634697854519
onion/illegal	working	1	0.005652834195643663
onion/illegal	upset	1	0.005680580623447895
onion/illegal	stomach	1	0.0056892093271017075
onion/illegal	want	1	0.005698651075363159
onion/illegal	take	1	0.005681589711457491
onion/illegal	antacid	1	0.005664162337779999
onion/illegal	make	1	0.005674430169165134
onion/illegal	sure	1	0.005670249927788973
onion/illegal	there	1	0.005655832123011351
onion/illegal	interval	1	0.00566322123631835
onion/illegal	least	1	0.005642580334097147
onion/illegal	since	1	0.005645710974931717
onion/illegal	last	1	0.005622592754662037
onion/illegal	took	1	0.005619637202471495
onion/illegal	4	1	0.005656227935105562
onion/illegal	next	1	0.005647966172546148
onion/illegal	dose	1	0.005642834585160017
onion/illegal	going	1	0.005654104053974152
onion/illegal	taking	1	0.005604855716228485
onion/legal	alternative	1	0.004948467947542667
onion/legal	way	1	0.004960841964930296
onion/legal	ideal	1	0.004936366342008114
onion/legal	choice	1	0.004953024443238974
onion/legal	anyone	1	0.004970438312739134
onion/legal	struggles	1	0.004968069493770599
onion/legal	Like	1	0.004918173886835575
onion/legal	produced	1	0.00492607057094574
onion/legal	clinically	1	0.004961614962667227
onion/legal	clean	1	0.004981136880815029
onion/legal	facilities	1	0.004975350107997656
onion/legal	consistent	1	0.004950576461851597
onion/legal	standards	1	0.004930373281240463
onion/legal	Patients	1	0.004897106904536486
onion/legal	continue	1	0.004946335684508085
onion/legal	lasts	1	0.0049110944382846355
onion/legal	but	1	0.004981354344636202
onion/legal	GPs	1	0.004967825952917337
onion/legal	times	1	0.00497315963730216
onion/legal	ingredient	1	0.0049215457402169704
onion/legal	Citrate	1	0.004833146929740906
onion/legal	0.008	1	0.004917873535305262
onion/legal	28	1	0.0048930710181593895
onion/legal	52	1	0.004888803698122501
onion/legal	0.026	1	0.004888968542218208
onion/legal	78	1	0.004894541576504707
onion/legal	0.041	1	0.0049351477064192295
onion/legal	Containing	1	0.004191187210381031
onion/legal	benefit	1	0.0041880859062075615
onion/legal	least	1	0.004188721999526024
onion/legal	36	1	0.004187657032161951
onion/legal	couples	1	0.004198462702333927
onion/legal	engage	1	0.0041902861557900906
onion/legal	intercourse	1	0.00421341136097908
onion/legal	natural	1	0.004171217791736126
onion/legal	Unlike	1	0.004168091341853142
onion/legal	very	1	0.0042069414630532265
onion/legal	quickly	1	0.004209404345601797
onion/legal	absorbed	1	0.0042072562500834465
onion/legal	into	1	0.00420047203078866
onion/legal	been	1	0.004191984422504902
onion/legal	previously	1	0.004192471969872713
onion/legal	supplied	1	0.0041855815798044205
onion/legal	under	1	0.004181650001555681
onion/legal	trade	1	0.004168255720287561
onion/legal	names	1	0.004156614188104868
onion/legal	Plus	1	0.004154801368713379
onion/legal	Erectalis	1	0.0041575985960662365
onion/legal	gained	1	0.004199234303086996
onion/legal	drug	1	0.004197665955871344
onion/legal	nickname	1	0.00420768978074193
onion/legal	Le	1	0.004193291999399662
onion/legal	Weekender	1	0.004190259613096714
onion/legal	France	1	0.004178475122898817
onion/legal	medical	1	0.004183138720691204
onion/legal	name	1	0.004179012030363083
onion/legal	Due	1	0.004188027698546648
onion/legal	overall	1	0.0041790432296693325
onion/legal	dose	1	0.004177379887551069
onion/legal	side	1	0.0041683996096253395
onion/legal	effects	1	0.004178873263299465
onion/legal	0.012	1	0.004167023580521345
onion/legal	0.023	1	0.004164822865277529
onion/legal	0.054	1	0.004166916478425264
onion/legal	0.098	1	0.004161560442298651
onion/legal	0.181	1	0.0041627599857747555
