ebay	.	101	3.418223539367318
onion/drugs/legal	,	79	1.8938138107769191
ebay	,	69	2.205339969601482
onion/drugs/legal	tablets	63	1.1644638092257082
ebay	the	63	1.6111436495557427
onion/drugs/legal	(	54	1.5727860066108406
onion/drugs/legal	)	53	1.5271730204112828
onion/drugs/legal	.	53	1.2383403801359236
onion/drugs/legal	for	47	1.037239343393594
ebay	to	47	1.1254758941940963
onion/drugs/legal	mg	43	1.4808168918825686
ebay	you	35	0.832997927442193
onion/drugs/legal	to	33	0.9436838822439313
ebay	and	32	0.7609718381427228
onion/drugs/legal	US$	30	0.5312362029217184
ebay	-	28	0.8712243484333158
onion/drugs/legal	each	28	0.4175119181163609
onion/drugs/legal	the	26	0.6983066401444376
onion/drugs/legal	blister	26	0.3351296754553914
onion/drugs/legal	100	25	0.775508048478514
ebay	us	24	0.49772735219448805
onion/drugs/legal	and	23	0.5341214500367641
onion/drugs/legal	$	22	1.3900645794346929
ebay	will	21	0.5896512451581657
ebay	of	20	0.4257179400883615
onion/drugs/legal	packs/10	19	0.2581508718430996
ebay	for	18	0.5857782275415957
onion/drugs/legal	:	18	0.5287844357080758
onion/drugs/legal	is	18	0.3469026042148471
onion/drugs/legal	x	18	0.2633187505416572
onion/drugs/legal	20	17	0.4424470360390842
onion/drugs/legal	by	17	0.38960195565596223
ebay	:	16	1.0441647823899984
ebay	We	16	0.7220605104230344
ebay	or	16	0.4737074454315007
ebay	in	16	0.3130482663400471
ebay	is	16	0.3581590699031949
onion/drugs/legal	10	16	0.2783690709620714
onion/drugs/legal	-	14	0.7552885850891471
onion/drugs/legal	generic	14	0.5006637200713158
onion/drugs/legal	manufactured	14	0.31122913490980864
ebay	are	14	0.32362823840230703
ebay	a	14	0.31495657935738564
ebay	with	14	0.2341707656159997
onion/drugs/legal	in	13	0.2793217343278229
onion/drugs/legal	"	13	0.35305899381637573
onion/drugs/legal	of	13	0.35957087902352214
ebay	days	12	0.4592715073376894
ebay	our	12	0.25984950130805373
ebay	)	12	0.3759923386387527
ebay	be	12	0.3034443845972419
ebay	HIV	12	0.06566451396793127
ebay	within	11	0.4914853177033365
onion/drugs/legal	30	11	0.39134198520332575
ebay	If	11	0.2687314604409039
ebay	please	11	0.38912612944841385
ebay	item	11	0.3302059518173337
ebay	shipping	11	0.35134311579167843
onion/drugs/legal	Jelly	10	0.1555390814319253
onion/drugs/legal	Sildenafil	10	0.21932122856378555
onion/drugs/legal	citrate	10	0.21661640517413616
onion/drugs/legal	Compare	10	0.1412601424381137
onion/drugs/legal	@	9	0.3231469737365842
onion/drugs/legal	Drugstore.com	9	0.30978323239833117
ebay	1	9	0.5923761473968625
ebay	Please	9	0.38755142083391547
ebay	!	9	0.30190922413021326
ebay	3	9	0.2919535911642015
ebay	(	9	0.23738183872774243
ebay	not	9	0.24011378129944205
ebay	it	9	0.21347241988405585
onion/drugs/legal	a	9	0.3127445802092552
onion/drugs/legal	Viagra	9	0.13471013959497213
onion/drugs/legal	Oral	9	0.05954580195248127
onion/drugs/legal	Apcalis	9	0.040077656507492065
onion/drugs/legal	/	8	0.3966744700446725
ebay	2	8	0.2831003088504076
ebay	feedback	8	0.1433107196353376
onion/drugs/legal	6	8	0.1631906619295478
ebay	items	8	0.23852644488215446
ebay	can	8	0.18492537550628185
ebay	your	8	0.19269460951909423
onion/drugs/legal	Pharmaceuticals	8	0.1417534053325653
ebay	from	8	0.24301143921911716
ebay	HCV	8	0.036430939100682735
ebay	payment	7	0.4914669506251812
ebay	business	7	0.26445826375856996
onion/drugs/legal	treatment	7	0.18120501935482025
ebay	before	7	0.17814848758280277
ebay	return	7	0.12765499204397202
ebay	we	7	0.12555298721417785
ebay	/	7	0.10819233534857631
onion/drugs/legal	60	7	0.11103049851953983
onion/drugs/legal	packs/4	7	0.08579037059098482
onion/drugs/legal	3	6	0.16919185500591993
ebay	Description	6	0.3658229671418667
ebay	have	6	0.17544402042403817
ebay	contact	6	0.19082334823906422
onion/drugs/legal	capsules	6	0.16702619940042496
ebay	by	6	0.226130910217762
onion/drugs/legal	grams	6	0.19425605610013008
onion/drugs/legal	an	6	0.10386720951646566
onion/drugs/legal	This	6	0.06262256670743227
ebay	IDUs	6	0.027705152053385973
onion/drugs/legal	%	5	0.33064063638448715
ebay	Yes	5	0.3428337574005127
ebay	this	5	0.1350938775576651
ebay	any	5	0.1649184599518776
ebay	best	5	0.1214763387106359
ebay	ship	5	0.2940482720732689
ebay	different	5	0.20238198898732662
ebay	try	5	0.09185577416792512
ebay	back	5	0.10222090035676956
ebay	time	5	0.14352037943899632
ebay	must	5	0.10226579802110791
ebay	receive	5	0.12217157147824764
ebay	5	5	0.12314543593674898
onion/drugs/legal	blood	5	0.07739506755024195
onion/drugs/legal	body	5	0.06794285215437412
ebay	infection	5	0.023165858816355467
onion/drugs/legal	Bh	5	0.02206146391108632
ebay	Package	4	0.4069196339696646
ebay	All	4	0.2021988146007061
ebay	For	4	0.1860511638224125
ebay	Your	4	0.1346165081486106
ebay	on	4	0.16319870203733444
ebay	Grass	4	0.2959494311362505
ebay	buyer	4	0.15209353901445866
ebay	's	4	0.144611778203398
onion/drugs/legal	Pharma	4	0.16789609659463167
ebay	satisfied	4	0.09811249701306224
ebay	leave	4	0.09334403742104769
ebay	positive	4	0.09133397648110986
onion/drugs/legal	can	4	0.11146044498309493
onion/drugs/legal	B6	4	0.12353434972465038
ebay	Weed	4	0.22170781157910824
ebay	Shipping	4	0.14278285577893257
ebay	after	4	0.1308980155736208
ebay	received	4	0.1385495881550014
ebay	all	4	0.18247461691498756
onion/drugs/legal	Levitra	4	0.15238702669739723
onion/drugs/legal	same	4	0.12355322577059269
ebay	if	4	0.10198706854134798
ebay	7	4	0.1423422433435917
ebay	there	4	0.09966294467449188
ebay	as	4	0.11615093052387238
ebay	due	4	0.09437929559499025
onion/drugs/legal	our	4	0.13553142547607422
onion/drugs/legal	Cream	4	0.11505156010389328
ebay	drug	4	0.08151155896484852
ebay	weeks	4	0.1107647456228733
onion/drugs/legal	used	4	0.09076773189008236
ebay	when	4	0.07185041904449463
onion/drugs/legal	179.99	4	0.05266232509166002
ebay	liver	4	0.02947806054726243
onion/drugs/legal	24	4	0.05220746994018555
onion/drugs/legal	Kamagra	4	0.03172827837988734
ebay	co	4	0.018341906368732452
onion/drugs/legal	Generic	3	0.22560137324035168
onion/drugs/legal	your	3	0.3465917259454727
onion/drugs/legal	discount	3	0.2699587456882
ebay	accept	3	0.2755132336169481
onion/drugs/legal	CIPLA	3	0.3117746189236641
ebay	Details	3	0.20837426139041781
ebay	Airmail	3	0.2509874664247036
ebay	via	3	0.23129460215568542
onion/drugs/legal	1MG	3	0.30746307224035263
onion/drugs/legal	|	3	0.21698960289359093
ebay	code	3	0.13739011622965336
ebay	Delivery	3	0.23139581456780434
onion/drugs/legal	50	3	0.11687292251735926
ebay	Free	3	0.30219127982854843
ebay	Time	3	0.20369137078523636
ebay	solution	3	0.091447280254215
onion/drugs/legal	!	3	0.19720809534192085
ebay	do	3	0.11166857369244099
onion/drugs/legal	from	3	0.07809670269489288
onion/drugs/legal	vitamin	3	0.10293405130505562
ebay	about	3	0.07106701796874404
onion/drugs/legal	1	3	0.16982924193143845
ebay	shipped	3	0.1371829491108656
ebay	hours	3	0.07938874932006001
onion/drugs/legal	as	3	0.08471923554316163
ebay	Buyer	3	0.09027440007776022
ebay	new	3	0.08332374598830938
ebay	used	3	0.0798163479194045
ebay	no	3	0.08413867466151714
ebay	refund	3	0.08105851896107197
ebay	You	3	0.11915524117648602
ebay	replacement	3	0.07422803342342377
onion/drugs/legal	200	3	0.07672517513856292
ebay	Due	3	0.12797341123223305
ebay	color	3	0.10791486874222755
ebay	choose	3	0.12315741181373596
onion/drugs/legal	us	3	0.05306847067549825
onion/drugs/legal	at	3	0.050244756042957306
onion/drugs/legal	disease	3	0.08830935135483742
ebay	case	3	0.06880633253604174
ebay	product	3	0.06143693719059229
ebay	Thank	3	0.05217160051688552
onion/drugs/legal	when	3	0.043043181765824556
ebay	problem	3	0.05066359369084239
onion/drugs/legal	many	3	0.04707753844559193
onion/drugs/legal	synthesis	3	0.06884195655584335
onion/drugs/legal	;	3	0.050231458619236946
ebay	these	3	0.031108980998396873
onion/drugs/legal	The	3	0.03053337289020419
ebay	through	3	0.05114275123924017
ebay	credit	3	0.056609636172652245
onion/drugs/legal	5	3	0.04969569109380245
ebay	give	3	0.042486065067350864
ebay	take	3	0.05609110929071903
ebay	medicine	3	0.0534004271030426
ebay	cost	3	0.04872265737503767
ebay	order	3	0.049054404720664024
ebay	open	3	0.04131669690832496
ebay	resolve	3	0.04468249808996916
onion/drugs/legal	Chewable	3	0.031113171949982643
onion/drugs/legal	RSM	3	0.038828594610095024
onion/drugs/legal	Cialis	3	0.03735388582572341
onion/drugs/legal	Tadalafil	3	0.03684255434200168
ebay	In	3	0.02460385300219059
ebay	pay	3	0.04223066195845604
ebay	fees	3	0.04233804251998663
ebay	send	3	0.033252496272325516
ebay	at	3	0.014239508658647537
onion/drugs/legal	time	3	0.011997689958661795
onion/drugs/legal	Stanazolol	2	0.400303915143013
onion/drugs/legal	New	2	0.3689386546611786
ebay	&	2	0.2116709854453802
ebay	Date	2	0.3066396564245224
ebay	2018	2	0.2723383232951164
ebay	Other	2	0.18397278897464275
ebay	60	2	0.18496477417647839
onion/drugs/legal	Sustanon	2	0.33777637779712677
onion/drugs/legal	250	2	0.3344848304986954
onion/drugs/legal	Please	2	0.16654196754097939
ebay	only	2	0.2046431303024292
onion/drugs/legal	&	2	0.14822680968791246
ebay	Copyright	2	0.24219340831041336
ebay	included	2	0.20957937091588974
onion/drugs/legal	customers	2	0.1450916137546301
ebay	PayPal	2	0.13290929049253464
ebay	ONLY	2	0.1336366292089224
onion/drugs/legal	120	2	0.22807246446609497
ebay	tell	2	0.11867962405085564
ebay	service	2	0.10728605231270194
onion/drugs/legal	Somatropin	2	0.19180214405059814
ebay	..	2	0.1309604924172163
onion/drugs/legal	Dapoxetine	2	0.11529948376119137
ebay	issues	2	0.1160990484058857
onion/drugs/legal	40	2	0.11703967303037643
ebay	price	2	0.12610100209712982
onion/drugs/legal	LORAZEPAM	2	0.1670898199081421
onion/drugs/legal	80	2	0.12629243731498718
onion/drugs/legal	25	2	0.15151995420455933
onion/drugs/legal	Alpha	2	0.13137207925319672
ebay	Indian	2	0.1178673580288887
ebay	Post	2	0.11980392038822174
ebay	Register	2	0.12296769395470619
onion/drugs/legal	drug	2	0.07607525121420622
onion/drugs/legal	Xanax	2	0.14370544254779816
onion/drugs/legal	2	2	0.0882339607924223
ebay	2.If	2	0.08370686881244183
ebay	Handling	2	0.10161991231143475
ebay	day	2	0.09672428853809834
ebay	receiving	2	0.08218073006719351
onion/drugs/legal	500	2	0.12583383545279503
ebay	Line	2	0.09044874832034111
ebay	Pipe	2	0.12359650060534477
onion/drugs/legal	antidepressant	2	0.1119702123105526
onion/drugs/legal	depression	2	0.10632659494876862
onion/drugs/legal	anxiety	2	0.10070601478219032
ebay	24	2	0.07202014932408929
ebay	goods	2	0.06964320037513971
onion/drugs/legal	e	2	0.07660054601728916
onion/drugs/legal	I	2	0.1084330789744854
ebay	Registered	2	0.07672767341136932
ebay	SAL	2	0.07671312429010868
ebay	4	2	0.06860282458364964
ebay	30	2	0.09917286410927773
onion/drugs/legal	antibiotic	2	0.08165405318140984
onion/drugs/legal	infections	2	0.08179861679673195
ebay	check	2	0.061513740569353104
onion/drugs/legal	Celexa	2	0.10433873534202576
onion/drugs/legal	40/20/10	2	0.10136353969573975
ebay	charge	2	0.09998572617769241
ebay	paid	2	0.09179958328604698
ebay	original	2	0.06918319500982761
ebay	measurement	2	0.09877999499440193
ebay	Product	2	0.05131401214748621
onion/drugs/legal	USD	2	0.10637332126498222
onion/drugs/legal	>	2	0.1087743490934372
ebay	working	2	0.05570415034890175
ebay	money	2	0.06255451310425997
ebay	DHL	2	0.07665288634598255
ebay	may	2	0.06598973460495472
ebay	actual	2	0.07881127670407295
ebay	method	2	0.07878244668245316
ebay	delivery	2	0.09272928908467293
ebay	custom	2	0.07672630995512009
onion/drugs/legal	per	2	0.06379100307822227
onion/drugs/legal	price	2	0.062340881675481796
onion/drugs/legal	allow	2	0.04618323454633355
onion/drugs/legal	cookies	2	0.07727370411157608
onion/drugs/legal	services	2	0.07685935869812965
onion/drugs/legal	you	2	0.04571183864027262
onion/drugs/legal	OK	2	0.07724860310554504
onion/drugs/legal	For	2	0.04298690427094698
onion/drugs/legal	heart	2	0.06454458460211754
ebay	status	2	0.04828238673508167
ebay	This	2	0.054003202356398106
ebay	because	2	0.05538277328014374
onion/drugs/legal	Mometasone	2	0.08017019554972649
onion/drugs/legal	15	2	0.0724904052913189
onion/drugs/legal	Identical	2	0.07060489803552628
ebay	good	2	0.04837980540469289
ebay	"	2	0.08425530046224594
ebay	prisoners	2	0.07125363498926163
onion/drugs/legal	Betamethasone	2	0.08024892956018448
onion/drugs/legal	valerate	2	0.07734667137265205
onion/drugs/legal	ml	2	0.06745249778032303
ebay	OF	2	0.06455931439995766
ebay	VARIANTS	2	0.06501300260424614
ebay	OR	2	0.052289241924881935
ebay	WITH	2	0.0516754649579525
ebay	reply	2	0.0555628165602684
ebay	possible	2	0.04755851440131664
ebay	America	2	0.043454237282276154
onion/drugs/legal	impotence	2	0.057471711188554764
onion/drugs/legal	erectile	2	0.035008047707378864
onion/drugs/legal	ejaculation	2	0.05552106350660324
onion/drugs/legal	other	2	0.05021369829773903
onion/drugs/legal	ingredients	2	0.03103654319420457
onion/drugs/legal	Read	2	0.05535873584449291
onion/drugs/legal	all	2	0.05402248911559582
onion/drugs/legal	authoritative	2	0.05305056273937225
onion/drugs/legal	sources	2	0.05202583782374859
onion/drugs/legal	opinions	2	0.04985325038433075
onion/drugs/legal	sexual	2	0.0486464686691761
onion/drugs/legal	dysfunction	2	0.029577644541859627
onion/drugs/legal	fatigue	2	0.04849848523736
onion/drugs/legal	active	2	0.026216264348477125
onion/drugs/legal	function	2	0.04383368231356144
onion/drugs/legal	also	2	0.029820065945386887
onion/drugs/legal	people	2	0.041255487129092216
onion/drugs/legal	It	2	0.043798938393592834
onion/drugs/legal	Ajanta	2	0.03659367002546787
onion/drugs/legal	More	2	0.04484541155397892
onion/drugs/legal	Info	2	0.04390159994363785
onion/drugs/legal	which	2	0.028719746507704258
onion/drugs/legal	genital	2	0.025549666956067085
onion/drugs/legal	area	2	0.025531865656375885
ebay	yucca	2	0.04254337213933468
ebay	seeds	2	0.04267047718167305
ebay	plant	2	0.04240393452346325
onion/drugs/legal	Vitamin	2	0.038274144753813744
onion/drugs/legal	water	2	0.038266055285930634
onion/drugs/legal	soluble	2	0.03823605738580227
onion/drugs/legal	not	2	0.023225098848342896
ebay	Payment	2	0.04343649372458458
ebay	Feedback	2	0.03318846598267555
ebay	Contact	2	0.03991699777543545
onion/drugs/legal	A	2	0.04206029325723648
onion/drugs/legal	Tretinoin	2	0.04371403157711029
onion/drugs/legal	0.025	2	0.04226834885776043
onion/drugs/legal	tubes	2	0.03915983624756336
onion/drugs/legal	54.10	2	0.03981130197644234
onion/drugs/legal	Johnson	2	0.03617118112742901
onion/drugs/legal	Celebrex	2	0.04109111428260803
ebay	defect	2	0.03095545992255211
ebay	traveling	2	0.03801549971103668
ebay	than	2	0.021898517850786448
ebay	product(s	2	0.03482973203063011
ebay	tracking	2	0.035618314519524574
ebay	up	2	0.03041189070791006
ebay	more	2	0.0227682632394135
ebay	email	2	0.02348209172487259
ebay	leaving	2	0.028937977738678455
ebay	'	2	0.032459281384944916
onion/drugs/legal	Soft	2	0.021242445800453424
ebay	known	2	0.018494448624551296
ebay	its	2	0.02993574272841215
ebay	properties	2	0.02977614663541317
ebay	The	2	0.018962391652166843
ebay	heart	2	0.030688496306538582
ebay	disease	2	0.030727210454642773
onion/drugs/legal	48	2	0.026745352894067764
onion/drugs/legal	12	2	0.024615587666630745
onion/drugs/legal	96	2	0.027558583766222
ebay	important	2	0.019984114915132523
ebay	very	2	0.019815202336758375
ebay	parcel	2	0.027803249657154083
ebay	those	2	0.02819037903100252
ebay	defective	2	0.023365809582173824
onion/drugs/legal	Priligy	2	0.022355306893587112
onion/drugs/legal	Poxet	2	0.02005082368850708
onion/drugs/legal	we	2	0.016164460219442844
onion/drugs/legal	flavors	2	0.014050924219191074
onion/drugs/legal	will	2	0.011148805730044842
onion/drugs/legal	be	2	0.011222382541745901
ebay	star	2	0.01464551268145442
ebay	solve	2	0.014586886391043663
ebay	risk	2	0.009530585259199142
ebay	Virus	2	0.009117350913584232
ebay	viruses	2	0.009122387040406466
ebay	Viet	2	0.007883493322879076
ebay	Nam	2	0.008064073044806719
ebay	prevalence	2	0.009068393148481846
ebay	rates	2	0.009218290448188782
ebay	treatment	2	0.008954230695962906
onion/drugs/legal	patients	2	0.008551765233278275
onion/drugs/legal	effective	2	0.00794917345046997
onion/drugs/legal	allows	2	0.00807071290910244
onion/drugs/legal	has	2	0.008049333933740854
onion/drugs/legal	'	2	0.008027011528611183
onion/drugs/legal	erection	2	0.008348398841917515
onion/drugs/legal	lower	2	0.008218633010983467
onion/drugs/legal	Subscribe	1	0.2524206340312958
onion/drugs/legal	News	1	0.2471553236246109
onion/drugs/legal	WE	1	0.24974992871284485
onion/drugs/legal	NOW	1	0.25013336539268494
onion/drugs/legal	ACCEPT	1	0.24989983439445496
onion/drugs/legal	PAYEER	1	0.2502168118953705
onion/drugs/legal	MONEY	1	0.1997554898262024
onion/drugs/legal	BACK	1	0.19914908707141876
onion/drugs/legal	GUARANTEE	1	0.1994500309228897
onion/drugs/legal	Olymp	1	0.2032918930053711
onion/drugs/legal	Labs	1	0.19589562714099884
onion/drugs/legal	199.49	1	0.20391008257865906
onion/drugs/legal	shipping	1	0.19978846609592438
ebay	Key	1	0.19878347218036652
ebay	Ingredients	1	0.1986306756734848
ebay	Benefits	1	0.20006871223449707
ebay	--Released	1	0.16528570652008057
ebay	April	1	0.16579899191856384
onion/drugs/legal	USA	1	0.1993207186460495
onion/drugs/legal	7	1	0.2015521377325058
onion/drugs/legal	-9	1	0.19960269331932068
onion/drugs/legal	Days	1	0.19794321060180664
ebay	Known	1	0.1555943489074707
ebay	Brand	1	0.15836776793003082
ebay	Names	1	0.16704241931438446
ebay	Levitra	1	0.18591637909412384
ebay	Triblus	1	0.1649026870727539
ebay	Terrestris	1	0.16244980692863464
ebay	Extract	1	0.163743793964386
ebay	%	1	0.17027774453163147
ebay	Saponins	1	0.17137843370437622
onion/drugs/legal	Phentermine	1	0.1750514656305313
onion/drugs/legal	37,5	1	0.17321667075157166
onion/drugs/legal	200,00	1	0.16024766862392426
onion/drugs/legal	K-25	1	0.14885801076889038
onion/drugs/legal	Tesla	1	0.15930864214897156
onion/drugs/legal	wait	1	0.1618882119655609
onion/drugs/legal	code	1	0.1680580973625183
ebay	Pay	1	0.14236050844192505
ebay	pal	1	0.14320150017738342
ebay	Update	1	0.14606809616088867
ebay	1/3/2017	1	0.14687053859233856
ebay	Happy	1	0.13978193700313568
ebay	New	1	0.1406308114528656
ebay	Year	1	0.1396530717611313
onion/drugs/legal	healthcare	1	0.14242541790008545
onion/drugs/legal	pharmaceutical	1	0.1464143544435501
onion/drugs/legal	India	1	0.1412501484155655
onion/drugs/legal	Turanabol	1	0.13892360031604767
onion/drugs/legal	DIAZEPAM	1	0.14082013070583344
onion/drugs/legal	tab	1	0.14489981532096863
onion/drugs/legal	VALIUM	1	0.14642949402332306
onion/drugs/legal	10MG	1	0.14724045991897583
ebay	Included	1	0.14291805028915405
ebay	x	1	0.1407286524772644
ebay	High	1	0.14042700827121735
ebay	Pressure	1	0.1422514170408249
ebay	Sprayer	1	0.14659623801708221
ebay	Additional	1	0.14278477430343628
ebay	2017	1	0.14291715621948242
ebay	Illustrated	1	0.142446830868721
ebay	1x	1	0.12366318702697754
ebay	Fondant	1	0.12263952940702438
ebay	Cake	1	0.12317297607660294
ebay	Baking	1	0.1244807243347168
ebay	Mould	1	0.1279221922159195
ebay	post	1	0.12597206234931946
onion/drugs/legal	Choose	1	0.1062699481844902
onion/drugs/legal	language	1	0.10777044296264648
onion/drugs/legal	English	1	0.1137758418917656
onion/drugs/legal	1161	1	0.11736995726823807
onion/drugs/legal	Espanol	1	0.1179690733551979
onion/drugs/legal	1162	1	0.11385183781385422
onion/drugs/legal	Deutsch	1	0.10721595585346222
onion/drugs/legal	Welcome	1	0.12445635348558426
onion/drugs/legal	NEW	1	0.12521512806415558
onion/drugs/legal	steroids	1	0.125472754240036
onion/drugs/legal	shop	1	0.1252003312110901
onion/drugs/legal	VIP	1	0.12505857646465302
ebay	Inlcuded	1	0.1108541190624237
ebay	10pcs	1	0.10999993979930878
ebay	Suregreen	1	0.10997682064771652
ebay	Plastic	1	0.11021054536104202
ebay	Ground	1	0.11076933890581131
ebay	Fixing	1	0.1115078553557396
ebay	Pegs	1	0.11397385597229004
onion/drugs/legal	MODAFINIL	1	0.1238524317741394
onion/drugs/legal	200MG	1	0.1261764019727707
onion/drugs/legal	PROVIGIL-200	1	0.12491422146558762
onion/drugs/legal	SUN	1	0.12380563467741013
onion/drugs/legal	SIGNATURE	1	0.1261179894208908
onion/drugs/legal	CLONAZEPAM	1	0.11040616780519485
onion/drugs/legal	RIVOTRIL	1	0.11218710988759995
onion/drugs/legal	ABBOTT	1	0.11105281114578247
onion/drugs/legal	INTAS	1	0.11220968514680862
onion/drugs/legal	1319	1	0.11459029465913773
onion/drugs/legal	PEPTIDES	1	0.11173901706933975
onion/drugs/legal	23	1	0.10917510837316513
ebay	customer	1	0.10018645226955414
ebay	representative	1	0.10007701069116592
ebay	PAYMENTRETURNS	1	0.0989103615283966
ebay	A(c	1	0.09937615692615509
ebay	rights	1	0.10096479207277298
ebay	reserved	1	0.1000005304813385
onion/drugs/legal	Injection	1	0.0959160327911377
onion/drugs/legal	18	1	0.095145083963871
onion/drugs/legal	Iu	1	0.09265509247779846
onion/drugs/legal	Eli	1	0.09074503183364868
onion/drugs/legal	lily	1	0.08452145010232925
onion/drugs/legal	Ampule	1	0.08784379810094833
onion/drugs/legal	300	1	0.08389576524496078
onion/drugs/legal	113	1	0.10365023463964462
onion/drugs/legal	Tadarise	1	0.10382916778326035
onion/drugs/legal	114	1	0.1035642996430397
onion/drugs/legal	Tamoxifen	1	0.1010163351893425
onion/drugs/legal	115	1	0.09632477164268494
onion/drugs/legal	TB-500	1	0.08867564052343369
ebay	Check	1	0.10014408826828003
ebay	Times	1	0.09964499622583389
ebay	Country	1	0.10094543546438217
onion/drugs/legal	Suhagra	1	0.0974944531917572
onion/drugs/legal	Force	1	0.09656532108783722
onion/drugs/legal	Imovane	1	0.09409154951572418
onion/drugs/legal	Intas	1	0.09293978661298752
onion/drugs/legal	Zopicon	1	0.09143798053264618
onion/drugs/legal	7.5	1	0.09122654050588608
onion/drugs/legal	Zopiclone	1	0.09146469831466675
ebay	me	1	0.09945929795503616
ebay	FEATURES	1	0.10035205632448196
ebay	Dairy	1	0.09900809079408646
ebay	Fish	1	0.0984082892537117
ebay	Gluten	1	0.10111303627490997
ebay	23	1	0.08211157470941544
ebay	Days	1	0.08222036063671112
ebay	Various	1	0.08409453183412552
ebay	destination	1	0.08535468578338623
ebay	Artificial	1	0.09408745169639587
ebay	Aquatic	1	0.09235801547765732
ebay	Lawn	1	0.09084246307611465
ebay	Water	1	0.08985042572021484
ebay	Green	1	0.08930503576993942
ebay	Plant	1	0.08904249966144562
ebay	Aquarium	1	0.08881262689828873
ebay	Tank	1	0.08963673561811447
ebay	Landscape	1	0.09164305776357651
ebay	durable	1	0.09509967267513275
ebay	100pcs	1	0.09300898015499115
ebay	Ornamental	1	0.09158236533403397
ebay	Seeds	1	0.08957941830158234
ebay	Blue	1	0.08897701650857925
ebay	Fescue	1	0.0898076593875885
ebay	Beautiful	1	0.08963306248188019
ebay	Perennial	1	0.08992532640695572
ebay	Garden	1	0.09133908152580261
ebay	Decor	1	0.09512699395418167
onion/drugs/legal	testosterone	1	0.07856319844722748
onion/drugs/legal	undecanoate	1	0.07787477970123291
onion/drugs/legal	Andriol	1	0.0787324607372284
onion/drugs/legal	Androfil	1	0.07635312527418137
onion/drugs/legal	testocaps	1	0.0746229737997055
ebay	3.Our	1	0.08371245115995407
ebay	tax	1	0.08298070728778839
ebay	duty	1	0.08418447524309158
onion/drugs/legal	ATIWAN-1MG	1	0.08298587799072266
onion/drugs/legal	2MG	1	0.08531524240970612
onion/drugs/legal	ATIWAN-2MG	1	0.0839984267950058
onion/drugs/legal	Alphabol	1	0.07451661676168442
onion/drugs/legal	Cr	1	0.07632549852132797
onion/drugs/legal	Methandienone	1	0.07784858345985413
onion/drugs/legal	12hr	1	0.07673691213130951
onion/drugs/legal	Ctrl	1	0.07597454637289047
onion/drugs/legal	Relea	1	0.07737709581851959
onion/drugs/legal	Tablets	1	0.07368969917297363
ebay	Quick	1	0.07643483579158783
ebay	Effective	1	0.07579410076141357
ebay	Effortless	1	0.07620368897914886
ebay	rolling	1	0.07713548839092255
ebay	smoking	1	0.0761120617389679
ebay	experience	1	0.07715246081352234
onion/drugs/legal	IPSA	1	0.07062883675098419
onion/drugs/legal	PIMPLE	1	0.07087109982967377
onion/drugs/legal	CLEAR	1	0.07122212648391724
onion/drugs/legal	quasi	1	0.07151493430137634
onion/drugs/legal	g	1	0.07179097086191177
onion/drugs/legal	Free	1	0.07125860452651978
onion/drugs/legal	Shipping	1	0.07073687762022018
onion/drugs/legal	Eryacne	1	0.06978200376033783
onion/drugs/legal	Erythromycin	1	0.07269831746816635
onion/drugs/legal	4	1	0.07014548033475876
onion/drugs/legal	Gel	1	0.06666474044322968
onion/drugs/legal	36.05	1	0.0656462013721466
onion/drugs/legal	Galderma	1	0.06820946931838989
onion/drugs/legal	Laboratories	1	0.06480356305837631
onion/drugs/legal	Brand	1	0.07126367837190628
onion/drugs/legal	Onax	1	0.0765666738152504
onion/drugs/legal	bar	1	0.07652328908443451
onion/drugs/legal	Niravam	1	0.08178605884313583
onion/drugs/legal	Alprazolam	1	0.08157049864530563
onion/drugs/legal	120,00	1	0.07591308653354645
onion/drugs/legal	Strong	1	0.067310631275177
ebay	5-star	1	0.06665842980146408
onion/drugs/legal	You	1	0.06650502234697342
onion/drugs/legal	make	1	0.06656310707330704
onion/drugs/legal	payment	1	0.06674806028604507
onion/drugs/legal	phone	1	0.0669163167476654
onion/drugs/legal	or	1	0.06675102561712265
onion/drugs/legal	tablet	1	0.06672842800617218
onion/drugs/legal	device	1	0.06648597121238708
onion/drugs/legal	with	1	0.06624352931976318
onion/drugs/legal	Circle.com	1	0.06678204238414764
onion/drugs/legal	app	1	0.06707839667797089
onion/drugs/legal	Increased	1	0.05991524085402489
onion/drugs/legal	dietary	1	0.06029415503144264
onion/drugs/legal	protein	1	0.06180424615740776
onion/drugs/legal	results	1	0.06279777735471725
onion/drugs/legal	increased	1	0.06261879205703735
onion/drugs/legal	requirement	1	0.06193818524479866
onion/drugs/legal	68	1	0.06602838635444641
onion/drugs/legal	www.oregonstate.edu	1	0.0643981322646141
onion/drugs/legal	Close	1	0.060648635029792786
ebay	usually	1	0.07228048890829086
ebay	clear	1	0.07074825465679169
onion/drugs/legal	Dianabol	1	0.06201697513461113
onion/drugs/legal	Ds	1	0.061431776732206345
onion/drugs/legal	Methandrestenolone	1	0.061797644942998886
onion/drugs/legal	British	1	0.06124560534954071
onion/drugs/legal	Disp	1	0.061568018049001694
onion/drugs/legal	Pills	1	0.06678211688995361
onion/drugs/legal	140	1	0.06536310166120529
onion/drugs/legal	Best	1	0.06152966991066933
onion/drugs/legal	Deals	1	0.05905638262629509
ebay	2pcs	1	0.06913439929485321
ebay	Combi	1	0.06651675701141357
ebay	Rig	1	0.06616798788309097
ebay	Fishing	1	0.06568028032779694
ebay	Hook	1	0.06542903184890747
ebay	Ready	1	0.06522628664970398
ebay	Made	1	0.06514211744070053
ebay	Rigs	1	0.06556261330842972
ebay	Boilie	1	0.06566397845745087
ebay	Stoppers	1	0.06719473749399185
ebay	Spring	1	0.06177401915192604
ebay	Colorful	1	0.06148679554462433
ebay	Light	1	0.06070671230554581
ebay	Metal	1	0.06078881397843361
ebay	Smoking	1	0.061167873442173004
ebay	Creative	1	0.06297879666090012
ebay	Portable	1	0.0646095722913742
ebay	Tobacco	1	0.0670507401227951
onion/drugs/legal	Cipla	1	0.06557444483041763
onion/drugs/legal	Tranax	1	0.0650409534573555
ebay	Item	1	0.06720148026943207
ebay	-48	1	0.06453155726194382
ebay	full	1	0.0663478821516037
ebay	l	1	0.056812696158885956
ebay	24hours	1	0.054794710129499435
ebay	upon	1	0.05484181270003319
ebay	receipt	1	0.05484549328684807
ebay	except	1	0.05542964115738869
ebay	holiday	1	0.05513492226600647
ebay	weekend	1	0.05494891107082367
onion/drugs/legal	tly	1	0.05671428143978119
onion/drugs/legal	'm	1	0.05636413022875786
onion/drugs/legal	pharmacist	1	0.056189749389886856
onion/drugs/legal	would	1	0.05123748630285263
onion/drugs/legal	know	1	0.050427839159965515
ebay	Serious	1	0.062650665640831
ebay	Only	1	0.06200237199664116
ebay	place	1	0.061942797154188156
ebay	bid	1	0.06192294880747795
ebay	agree	1	0.06252823770046234
ebay	terms	1	0.06330549716949463
onion/drugs/legal	HEALTH	1	0.04848448187112808
onion/drugs/legal	16	1	0.050335049629211426
onion/drugs/legal	154	1	0.051471542567014694
onion/drugs/legal	OTHER	1	0.05119887739419937
onion/drugs/legal	155	1	0.050781186670064926
onion/drugs/legal	SPECIAL	1	0.050190269947052
onion/drugs/legal	OFFERS	1	0.05024273693561554
onion/drugs/legal	76	1	0.05066220462322235
onion/drugs/legal	purpose	1	0.04772676154971123
onion/drugs/legal	usage	1	0.04569746553897858
ebay	EMS	1	0.05017712339758873
ebay	15	1	0.05098582059144974
ebay	Tracking	1	0.0490175224840641
ebay	Number	1	0.0485636331140995
ebay	Insured	1	0.04972240328788757
onion/drugs/legal	Ciproflo	1	0.06274060159921646
onion/drugs/legal	broad	1	0.056605175137519836
onion/drugs/legal	spectrum	1	0.05731486156582832
onion/drugs/legal	urinary	1	0.05809159204363823
onion/drugs/legal	tract	1	0.0585530549287796
onion/drugs/legal	etc	1	0.056695859879255295
ebay	1.We	1	0.049928829073905945
ebay	sending	1	0.049623336642980576
ebay	out	1	0.04966793209314346
ebay	products	1	0.050418224185705185
ebay	brand	1	0.0502561517059803
ebay	never	1	0.04996843636035919
ebay	been	1	0.05001075565814972
ebay	refurbished	1	0.0501830168068409
onion/drugs/legal	Citalopram	1	0.052425067871809006
ebay	purchases	1	0.0507085844874382
ebay	where	1	0.05052253603935242
ebay	was	1	0.04977693781256676
ebay	2.Due	1	0.05048992857336998
ebay	manual	1	0.04950772970914841
ebay	methods	1	0.05003044009208679
ebay	allow	1	0.05008813366293907
ebay	cm	1	0.0492333360016346
ebay	deviation	1	0.04982694610953331
ebay	Thanks	1	0.05085771530866623
ebay	Portalbe	1	0.04724767804145813
ebay	Convenience	1	0.04722811281681061
ebay	Healthy	1	0.047104254364967346
ebay	Fashon	1	0.04756510257720947
ebay	Gifts	1	0.047760289162397385
ebay	juice	1	0.04776711389422417
ebay	cola	1	0.04777030274271965
ebay	besides	1	0.04793071374297142
ebay	inject	1	0.048020727932453156
ebay	water	1	0.047825418412685394
onion/drugs/legal	Date	1	0.0484013557434082
onion/drugs/legal	29	1	0.050917208194732666
onion/drugs/legal	Jul	1	0.05162373185157776
onion/drugs/legal	0.9016	1	0.05328446626663208
onion/drugs/legal	EUR	1	0.05371013656258583
onion/drugs/legal	0.6497	1	0.053115520626306534
onion/drugs/legal	GBP	1	0.05352797359228134
onion/drugs/legal	LIVE	1	0.05354452133178711
onion/drugs/legal	282	1	0.054287031292915344
onion/drugs/legal	TORCHAT	1	0.053897175937891006
onion/drugs/legal	aaejyxtjlxurhugo	1	0.052945107221603394
onion/drugs/legal	offline	1	0.05106461048126221
ebay	returnit	1	0.04988689720630646
onion/drugs/legal	Equipose	1	0.04964258894324303
onion/drugs/legal	Boldenone	1	0.05194222927093506
onion/drugs/legal	Undecylenate	1	0.05216531828045845
onion/drugs/legal	Biochem	1	0.05416635423898697
onion/drugs/legal	10ml	1	0.05455544590950012
onion/drugs/legal	125	1	0.054461315274238586
onion/drugs/legal	Mastebolin	1	0.05357343703508377
onion/drugs/legal	Drostanolone	1	0.05438372865319252
onion/drugs/legal	Propionate	1	0.053868453949689865
onion/drugs/legal	100mgml	1	0.052924994379282
onion/drugs/legal	X	1	0.05061502009630203
onion/drugs/legal	1ml	1	0.04982580244541168
onion/drugs/legal	Amps	1	0.047727279365062714
onion/drugs/legal	Obvious	1	0.05054440721869469
onion/drugs/legal	advantage	1	0.051376376301050186
onion/drugs/legal	friend	1	0.05188150703907013
onion/drugs/legal	get	1	0.05317297950387001
onion/drugs/legal	give	1	0.05253003165125847
onion/drugs/legal	try	1	0.052979711443185806
onion/drugs/legal	?	1	0.053298819810152054
onion/drugs/legal	Search	1	0.054304592311382294
onion/drugs/legal	letter	1	0.05267639458179474
onion/drugs/legal	Q	1	0.051923125982284546
ebay	global	1	0.04601277783513069
ebay	mail	1	0.04685027152299881
ebay	per	1	0.046614568680524826
ebay	location	1	0.04638032987713814
ebay	difference	1	0.05100708827376366
ebay	between	1	0.050809863954782486
ebay	monitors	1	0.05040764808654785
ebay	picture	1	0.0491441935300827
ebay	reflect	1	0.04904559627175331
ebay	following	1	0.04990338534116745
ebay	Sometimes	1	0.0498989075422287
ebay	delay	1	0.04951449856162071
ebay	occurs	1	0.0494999885559082
ebay	country	1	0.04910233989357948
onion/drugs/legal	Ventolin	1	0.04404032975435257
onion/drugs/legal	Evohaler	1	0.04394861310720444
onion/drugs/legal	Salbutamol	1	0.04482841491699219
onion/drugs/legal	Albuterol	1	0.04482787102460861
onion/drugs/legal	mcg	1	0.043357063084840775
onion/drugs/legal	actuation	1	0.041719190776348114
onion/drugs/legal	Regional	1	0.04153170809149742
onion/drugs/legal	differences	1	0.04035366699099541
onion/drugs/legal	offer	1	0.03948594257235527
onion/drugs/legal	items	1	0.04125064238905907
onion/drugs/legal	significant	1	0.04122348129749298
onion/drugs/legal	Stablon	1	0.041014209389686584
onion/drugs/legal	Tieneptine	1	0.04081116244196892
onion/drugs/legal	12.5	1	0.041302040219306946
onion/drugs/legal	74.19	1	0.04231131449341774
onion/drugs/legal	Serdia	1	0.039615411311388016
onion/drugs/legal	Servier	1	0.04095572233200073
onion/drugs/legal	We	1	0.03828711062669754
onion/drugs/legal	rely	1	0.038378797471523285
onion/drugs/legal	on	1	0.03848692402243614
onion/drugs/legal	provide	1	0.038310516625642776
onion/drugs/legal	By	1	0.03844178467988968
onion/drugs/legal	using	1	0.038442447781562805
onion/drugs/legal	agree	1	0.0381949283182621
onion/drugs/legal	use	1	0.038348957896232605
onion/drugs/legal	hyperlipidemia	1	0.039778776466846466
onion/drugs/legal	coronary	1	0.039790939539670944
onion/drugs/legal	Available	1	0.039559755474328995
onion/drugs/legal	doses	1	0.040066078305244446
ebay	stock	1	0.04393467679619789
ebay	differences	1	0.04386812075972557
ebay	ourfirst	1	0.04255438223481178
ebay	available	1	0.04251381754875183
ebay	warehouse	1	0.042224280536174774
ebay	fast	1	0.04274344816803932
ebay	Ship	1	0.044151753187179565
ebay	Worldwide	1	0.04404086992144585
ebay	Except	1	0.04360903427004814
ebay	Nigeria	1	0.042846277356147766
ebay	Hong	1	0.040858905762434006
ebay	Kong	1	0.04115402325987816
ebay	Taiwan	1	0.04195292294025421
ebay	Macao	1	0.04235048219561577
ebay	China	1	0.04309142380952835
ebay	APO	1	0.04433416202664375
ebay	FPO	1	0.045065853744745255
ebay	3.All	1	0.042090412229299545
ebay	payments	1	0.0419633686542511
ebay	buying	1	0.04134150594472885
ebay	Non	1	0.04172859713435173
ebay	paying	1	0.04177076742053032
ebay	un	1	0.0421418659389019
ebay	Ebay	1	0.04185311123728752
ebay	NOTE	1	0.039863716810941696
ebay	unable	1	0.039877649396657944
ebay	offer	1	0.03983423113822937
ebay	combined	1	0.03972666710615158
ebay	multiple	1	0.03992458060383797
ebay	purchased	1	0.040075626224279404
ebay	locations	1	0.04028678685426712
onion/drugs/legal	Elomet	1	0.03824704512953758
onion/drugs/legal	furoate	1	0.038199786096811295
onion/drugs/legal	24.10	1	0.03573765978217125
onion/drugs/legal	Schering	1	0.037784144282341
onion/drugs/legal	Plough	1	0.03650485724210739
onion/drugs/legal	Elocon	1	0.04111315310001373
onion/drugs/legal	Elocom	1	0.04142870381474495
onion/drugs/legal	Furoate	1	0.03924668952822685
ebay	help	1	0.04155593365430832
ebay	continue	1	0.0414070188999176
ebay	provide	1	0.04126429557800293
ebay	quality	1	0.040803149342536926
ebay	low	1	0.0415114127099514
ebay	giving	1	0.04152783751487732
ebay	perfect	1	0.04204937070608139
ebay	STAR	1	0.04221240058541298
ebay	feedbacks	1	0.04245027154684067
ebay	Patronage	1	0.03559838980436325
ebay	Against	1	0.03574066236615181
ebay	addictions	1	0.03631247580051422
ebay	addicts	1	0.03638243302702904
ebay	families	1	0.03613479807972908
ebay	imprisoned	1	0.035658665001392365
ebay	people	1	0.035621367394924164
ebay	journalists	1	0.03544073551893234
ebay	political	1	0.03535722568631172
ebay	pro	1	0.035601526498794556
ebay	life	1	0.035315852612257004
ebay	movement	1	0.03535674139857292
ebay	amateur	1	0.03525630384683609
ebay	radio	1	0.03549344092607498
ebay	consider	1	0.031412456184625626
ebay	below	1	0.031095555052161217
ebay	mentioned	1	0.03104845993220806
ebay	duration	1	0.031206628307700157
ebay	purchase	1	0.03138827532529831
ebay	need	1	0.03129811957478523
ebay	urgently	1	0.0313030481338501
ebay	Choose	1	0.031220817938447
ebay	expedite	1	0.031203629449009895
ebay	During	1	0.03124220296740532
ebay	chekout	1	0.03119380958378315
ebay	express	1	0.03137694671750069
onion/drugs/legal	Betnovate	1	0.04113168641924858
onion/drugs/legal	Scalp	1	0.036899447441101074
onion/drugs/legal	application	1	0.03664287552237511
onion/drugs/legal	lotion	1	0.03540549799799919
onion/drugs/legal	29.00	1	0.03447088599205017
onion/drugs/legal	GlaxoSmithKline	1	0.03493635356426239
onion/drugs/legal	Beta	1	0.035578977316617966
onion/drugs/legal	Val	1	0.038096457719802856
onion/drugs/legal	Lotion	1	0.036843981593847275
ebay	...	1	0.031717490404844284
ebay	IN	1	0.03206997364759445
ebay	CASE	1	0.0320541188120842
ebay	COLOR	1	0.03184013441205025
ebay	OTHER	1	0.03252863883972168
ebay	PLEASE	1	0.032177481800317764
ebay	SEND	1	0.0323815792798996
ebay	US	1	0.03243632614612579
ebay	A	1	0.03231927379965782
ebay	MESSAGE	1	0.03190699964761734
ebay	YOUR	1	0.03129614144563675
ebay	CHOICE	1	0.030275840312242508
ebay	M10	1	0.025700870901346207
ebay	Trimmer	1	0.02551698125898838
ebay	Head	1	0.025247158482670784
ebay	Whipper	1	0.0250554196536541
ebay	Snipper	1	0.024979056790471077
ebay	Strimmer	1	0.025185545906424522
ebay	Brush	1	0.026130517944693565
ebay	Cutter	1	0.02744217962026596
ebay	messages	1	0.028653763234615326
ebay	answered	1	0.027453390881419182
ebay	kindly	1	0.027407396584749222
ebay	re	1	0.027606215327978134
ebay	sent	1	0.02795691229403019
ebay	message	1	0.028280215337872505
ebay	soon	1	0.027824275195598602
ebay	monitor	1	0.030459130182862282
ebay	light	1	0.029658054932951927
ebay	effect	1	0.029621899127960205
ebay	might	1	0.0313192754983902
ebay	slightly	1	0.03116137720644474
ebay	showed	1	0.031248802319169044
ebay	pictures	1	0.031770966947078705
ebay	Duration	1	0.026460187509655952
ebay	Method	1	0.02625398151576519
ebay	Asia	1	0.02590111270546913
ebay	Middle	1	0.02592606656253338
ebay	East	1	0.026054132729768753
ebay	Canada	1	0.026501573622226715
ebay	Australia	1	0.02656893990933895
ebay	Mexico	1	0.026692721992731094
ebay	Europe	1	0.026672137901186943
ebay	Russia	1	0.02672499418258667
ebay	Small	1	0.026630526408553123
ebay	Parcel	1	0.026786362752318382
ebay	USPS	1	0.02971869334578514
ebay	transit	1	0.029372287914156914
ebay	upto	1	0.029743637889623642
ebay	Effectively	1	0.02951718308031559
ebay	reach	1	0.02917959913611412
ebay	8	1	0.029053181409835815
ebay	12	1	0.02878951095044613
onion/drugs/legal	Effective	1	0.027494458481669426
onion/drugs/legal	Male	1	0.03048403188586235
onion/drugs/legal	dysfunction).Premature	1	0.029773952439427376
onion/drugs/legal	cream	1	0.02758314274251461
onion/drugs/legal	containing	1	0.02692296728491783
onion/drugs/legal	ginseng	1	0.026463650166988373
onion/drugs/legal	applied	1	0.027033232152462006
onion/drugs/legal	directly	1	0.026995684951543808
onion/drugs/legal	skin	1	0.027481796219944954
onion/drugs/legal	penis	1	0.02961903065443039
onion/drugs/legal	www.rxlist.com	1	0.031207719817757607
ebay	fastest	1	0.02814432978630066
ebay	according	1	0.02794659696519375
ebay	e	1	0.027900002896785736
ebay	t	1	0.02771775983273983
ebay	situation	1	0.027402445673942566
ebay	weather	1	0.027004145085811615
ebay	security	1	0.02709415927529335
ebay	checking	1	0.027264920994639397
ebay	so	1	0.027416836470365524
ebay	avoid	1	0.027467116713523865
ebay	further	1	0.02734214812517166
ebay	make	1	0.02769395522773266
ebay	sure	1	0.027803461998701096
ebay	could	1	0.028004825115203857
ebay	earlier	1	0.028424978256225586
onion/drugs/legal	Treats	1	0.025276072323322296
onion/drugs/legal	problems	1	0.025267576798796654
onion/drugs/legal	memory	1	0.024484021589159966
onion/drugs/legal	loss	1	0.02434835024178028
onion/drugs/legal	high	1	0.023953745141625404
onion/drugs/legal	pressure	1	0.02401595190167427
onion/drugs/legal	liver	1	0.024286191910505295
onion/drugs/legal	bronchitis	1	0.024134481325745583
onion/drugs/legal	joint	1	0.024011090397834778
onion/drugs/legal	pain	1	0.024163592606782913
onion/drugs/legal	HIV	1	0.024588804692029953
onion/drugs/legal	AIDS	1	0.024784179404377937
onion/drugs/legal	osteoporosis	1	0.024613667279481888
onion/drugs/legal	conditions	1	0.023306090384721756
onion/drugs/legal	Pyridoxal	1	0.022578973323106766
onion/drugs/legal	phosphate	1	0.02219334989786148
onion/drugs/legal	metabolically	1	0.022041110321879387
onion/drugs/legal	form	1	0.02210596762597561
onion/drugs/legal	involved	1	0.02319706417620182
onion/drugs/legal	aspects	1	0.022816644981503487
onion/drugs/legal	macronutrient	1	0.022729936987161636
onion/drugs/legal	metabolism	1	0.022811278700828552
onion/drugs/legal	neurotransmitter	1	0.02285875752568245
onion/drugs/legal	histamine	1	0.02280847728252411
onion/drugs/legal	hemoglobin	1	0.023072214797139168
onion/drugs/legal	gene	1	0.02424260787665844
onion/drugs/legal	expression	1	0.02450907789170742
onion/drugs/legal	64	1	0.026406608521938324
onion/drugs/legal	www.wikipedia.org	1	0.026437757536768913
onion/drugs/legal	Maca	1	0.02204163931310177
onion/drugs/legal	tired	1	0.02287272922694683
onion/drugs/legal	anemia	1	0.024135369807481766
onion/drugs/legal	chronic	1	0.02379200980067253
onion/drugs/legal	syndrome	1	0.024203334003686905
onion/drugs/legal	CFS	1	0.023118585348129272
onion/drugs/legal	enhancing	1	0.022683748975396156
onion/drugs/legal	energy	1	0.02250203862786293
onion/drugs/legal	staminaa	1	0.022438034415245056
onion/drugs/legal	arouse	1	0.02289990521967411
onion/drugs/legal	desire	1	0.022936757653951645
onion/drugs/legal	boost	1	0.023280780762434006
onion/drugs/legal	immune	1	0.023771628737449646
onion/drugs/legal	system	1	0.024104710668325424
onion/drugs/legal	57	1	0.02553471550345421
onion/drugs/legal	www.webmd.com	1	0.02465980499982834
onion/drugs/legal	Erectile	1	0.023606007918715477
onion/drugs/legal	Dysfunction	1	0.023058773949742317
onion/drugs/legal	ED	1	0.021862637251615524
onion/drugs/legal	medicine	1	0.021658405661582947
onion/drugs/legal	more	1	0.02089303731918335
onion/drugs/legal	easily	1	0.020850906148552895
onion/drugs/legal	swallowed	1	0.02088562399148941
onion/drugs/legal	than	1	0.020941343158483505
onion/drugs/legal	therefore	1	0.02043313719332218
onion/drugs/legal	suitable	1	0.02027779445052147
onion/drugs/legal	elderly	1	0.02059038169682026
onion/drugs/legal	who	1	0.020825499668717384
onion/drugs/legal	have	1	0.02075844071805477
onion/drugs/legal	difficulty	1	0.02073376439511776
onion/drugs/legal	swallowing	1	0.020552128553390503
onion/drugs/legal	Diflucan	1	0.026141762733459473
onion/drugs/legal	antifungal	1	0.02414846420288086
onion/drugs/legal	treat	1	0.0230250284075737
onion/drugs/legal	caused	1	0.022206954658031464
onion/drugs/legal	fungus	1	0.02153094671666622
onion/drugs/legal	invade	1	0.021506812423467636
onion/drugs/legal	any	1	0.0214132908731699
onion/drugs/legal	part	1	0.021307870745658875
onion/drugs/legal	including	1	0.02130597084760666
onion/drugs/legal	mouth	1	0.021246496587991714
onion/drugs/legal	throat	1	0.021241413429379463
onion/drugs/legal	esophagus	1	0.021412281319499016
onion/drugs/legal	lungs	1	0.021402785554528236
onion/drugs/legal	bladder	1	0.02140510454773903
ebay	Growing	1	0.021665126085281372
ebay	requires	1	0.021535828709602356
ebay	lot	1	0.0218246728181839
ebay	patience	1	0.021857528015971184
ebay	things	1	0.021989978849887848
ebay	spare	1	0.02205369435250759
ebay	striking	1	0.02117423713207245
ebay	ready	1	0.02118227258324623
ebay	garden	1	0.02120812237262726
ebay	Here	1	0.021778570488095284
ebay	some	1	0.021968547254800797
ebay	steps	1	0.02197650447487831
ebay	follow	1	0.0220938827842474
ebay	growing	1	0.021974770352244377
onion/drugs/legal	Water	1	0.019092263653874397
onion/drugs/legal	vitamins	1	0.01913541927933693
onion/drugs/legal	dissolve	1	0.0191724244505167
onion/drugs/legal	store	1	0.019233310595154762
onion/drugs/legal	them	1	0.019217871129512787
onion/drugs/legal	helps	1	0.019489824771881104
onion/drugs/legal	Make	1	0.019917303696274757
onion/drugs/legal	antibodies	1	0.02001374214887619
onion/drugs/legal	Antibodies	1	0.02003561705350876
onion/drugs/legal	are	1	0.019907226786017418
onion/drugs/legal	needed	1	0.01990620233118534
onion/drugs/legal	fight	1	0.01978391967713833
onion/drugs/legal	diseases	1	0.019903510808944702
onion/drugs/legal	Maintain	1	0.01982174441218376
onion/drugs/legal	normal	1	0.019871428608894348
onion/drugs/legal	nerve	1	0.020038936287164688
onion/drugs/legal	65	1	0.02195482887327671
onion/drugs/legal	www.nlm.nih.gov	1	0.0214349627494812
onion/drugs/legal	Sun	1	0.02077305316925049
onion/drugs/legal	Bimatoprost	1	0.02274373359978199
onion/drugs/legal	0.03	1	0.021569492295384407
onion/drugs/legal	Solution	1	0.020309222862124443
onion/drugs/legal	t	1	0.02031644992530346
onion/drugs/legal	formulation	1	0.02156398445367813
onion/drugs/legal	Lumigan	1	0.023244136944413185
onion/drugs/legal	Latisse	1	0.022712748497724533
onion/drugs/legal	Bimat	1	0.021532008424401283
onion/drugs/legal	Many	1	0.020541168749332428
onion/drugs/legal	buy	1	0.02005183883011341
onion/drugs/legal	this	1	0.01971786469221115
onion/drugs/legal	resale	1	0.01966065913438797
onion/drugs/legal	market	1	0.0204717218875885
onion/drugs/legal	North	1	0.01916281320154667
onion/drugs/legal	America	1	0.019611265510320663
onion/drugs/legal	Europe	1	0.02100469544529915
onion/drugs/legal	30-$40	1	0.02187338098883629
onion/drugs/legal	bottle	1	0.020064417272806168
ebay	includes	1	0.021775346249341965
ebay	3pcs	1	0.021388350054621696
ebay	Tongue	1	0.021165896207094193
ebay	Ring	1	0.02124899998307228
ebay	Paypal	1	0.021962132304906845
ebay	major	1	0.02213427610695362
ebay	cards	1	0.022170385345816612
ebay	accepted	1	0.021936001256108284
ebay	secure	1	0.021698111668229103
ebay	processor	1	0.02184697799384594
ebay	auction	1	0.021566390991210938
ebay	closing	1	0.021968189626932144
onion/drugs/legal	Retino	1	0.01963922195136547
onion/drugs/legal	five	1	0.019873516634106636
onion/drugs/legal	gram	1	0.019176270812749863
onion/drugs/legal	Retin	1	0.020295439288020134
onion/drugs/legal	89.99	1	0.02157142572104931
onion/drugs/legal	Celecoxib100/200	1	0.02011701464653015
onion/drugs/legal	56.80	1	0.019165784120559692
onion/drugs/legal	Pfizer	1	0.02058822102844715
onion/drugs/legal	Celecoxib100	1	0.019993413239717484
onion/drugs/legal	277.75	1	0.01991814374923706
ebay	1.Defective	1	0.0197442714124918
ebay	MUST	1	0.01968216523528099
ebay	BE	1	0.019627848640084267
ebay	reported	1	0.01953439973294735
ebay	returned	1	0.019305193796753883
ebay	warranty	1	0.019128622487187386
ebay	period	1	0.019288411363959312
ebay	packaging	1	0.019192980602383614
ebay	what	1	0.019429581239819527
ebay	eBay	1	0.019544851034879684
ebay	ID	1	0.019676383584737778
ebay	WE	1	0.019858352839946747
ebay	DO	1	0.019971787929534912
ebay	NOT	1	0.01997261866927147
ebay	REPAIR	1	0.01997005194425583
ebay	REPLACE	1	0.02006119303405285
ebay	ITEMS	1	0.02007659338414669
ebay	AN	1	0.020131269469857216
ebay	EXPIRED	1	0.020126676186919212
ebay	WARRANTY	1	0.020158635452389717
ebay	When	1	0.01898033916950226
ebay	always	1	0.01912037655711174
ebay	sick	1	0.01909448765218258
ebay	Also	1	0.019281841814517975
ebay	remember	1	0.01921946182847023
ebay	go	1	0.01915084198117256
ebay	work	1	0.019004257395863533
ebay	prepared	1	0.018808940425515175
ebay	carpal	1	0.018612124025821686
ebay	Kit	1	0.018425006419420242
ebay	compartment	1	0.017903532832860947
ebay	packing	1	0.017982006072998047
ebay	multigrid	1	0.018286580219864845
ebay	separated	1	0.01838591694831848
ebay	packed	1	0.01854700967669487
ebay	separately	1	0.01873464696109295
ebay	larger	1	0.017258457839488983
ebay	instruct	1	0.017213668674230576
ebay	carrier	1	0.017159663140773773
ebay	abandon	1	0.01727908104658127
ebay	seized	1	0.017129691317677498
ebay	customs	1	0.016874458640813828
ebay	processed	1	0.017226507887244225
ebay	ATTENTION	1	0.017926370725035667
ebay	orders	1	0.017836222425103188
ebay	under	1	0.017815059050917625
ebay	6.50eur	1	0.017704956233501434
ebay	without	1	0.017730511724948883
ebay	select	1	0.018097838386893272
ebay	second	1	0.018049385398626328
ebay	option	1	0.018017776310443878
ebay	Central	1	0.017315801233053207
ebay	Southern	1	0.017098231241106987
ebay	n't	1	0.018009888008236885
ebay	disputes	1	0.018032018095254898
ebay	informations	1	0.018374620005488396
ebay	dissatisfaction	1	0.015985950827598572
ebay	ratings	1	0.016474200412631035
ebay	negative	1	0.016313081607222557
ebay	ebay	1	0.01609964296221733
ebay	paypal	1	0.016178421676158905
ebay	dispute	1	0.016099030151963234
ebay	opportunity	1	0.01587613858282566
ebay	PS	1	0.01640636846423149
ebay	Ask	1	0.01620711199939251
ebay	question	1	0.016198614612221718
onion/drugs/legal	Cenforce	1	0.013587701134383678
onion/drugs/legal	45.61	1	0.014680174179375172
onion/drugs/legal	59.33	1	0.014452806673943996
onion/drugs/legal	77.18	1	0.014430362731218338
onion/drugs/legal	Centurion	1	0.014290431514382362
onion/drugs/legal	SnovitraVardenafil20	1	0.016779709607362747
onion/drugs/legal	52.68	1	0.01644388772547245
onion/drugs/legal	66.25	1	0.015840593725442886
onion/drugs/legal	98.10	1	0.015705542638897896
onion/drugs/legal	Vardenafil	1	0.017240969464182854
onion/drugs/legal	163.99	1	0.01664893701672554
onion/drugs/legal	Tadaga	1	0.015903741121292114
onion/drugs/legal	Super	1	0.015763752162456512
onion/drugs/legal	54.68	1	0.01551565807312727
onion/drugs/legal	68.36	1	0.015157356858253479
onion/drugs/legal	88.07	1	0.015232125297188759
onion/drugs/legal	185.99	1	0.015724513679742813
ebay	Commonly	1	0.014494193717837334
ebay	horny	1	0.013232412748038769
ebay	goat	1	0.013203836977481842
ebay	weed	1	0.013288618996739388
ebay	herb	1	0.013628521002829075
ebay	U.S.	1	0.014780865050852299
ebay	mainly	1	0.014749820344150066
ebay	aphrodisiac	1	0.01467052847146988
ebay	leaves	1	0.014402641914784908
ebay	widely	1	0.014809248968958855
ebay	weak	1	0.014905048534274101
ebay	knees	1	0.014925374649465084
ebay	AIDS	1	0.015610282309353352
ebay	viral	1	0.01566729135811329
ebay	infections	1	0.015561036765575409
ebay	Moreover	1	0.015381412580609322
ebay	specific	1	0.015137840062379837
ebay	helps	1	0.015178305096924305
ebay	increase	1	0.015272689051926136
ebay	blood	1	0.015282108448445797
ebay	flow	1	0.015303736552596092
ebay	therefore	1	0.015352348797023296
ebay	improves	1	0.015417677350342274
ebay	sexual	1	0.01546244416385889
ebay	function	1	0.015339665114879608
onion/drugs/legal	Eriacta	1	0.01648613251745701
onion/drugs/legal	36.74	1	0.015206919983029366
onion/drugs/legal	66.37	1	0.014842702075839043
onion/drugs/legal	91.16	1	0.014799665659666061
onion/drugs/legal	Ranbaxy	1	0.015790123492479324
ebay	truly	1	0.012952013872563839
ebay	appreciate	1	0.01280642207711935
ebay	servise	1	0.012899504974484444
ebay	contuct	1	0.012715427204966545
ebay	issue	1	0.012853143736720085
ebay	satisfaction	1	0.013010961003601551
ebay	guaranteed	1	0.012936115264892578
ebay	store	1	0.012785881757736206
ebay	much	1	0.012516937218606472
ebay	reading	1	0.012595828622579575
ebay	here	1	0.012668025679886341
ebay	God	1	0.01273408904671669
ebay	bless	1	0.012721042148768902
ebay	needs	1	0.014043347910046577
ebay	above	1	0.014071287587285042
ebay	that	1	0.014088379219174385
ebay	occurred	1	0.014099027030169964
ebay	certain	1	0.01410689763724804
ebay	returns	1	0.013857224956154823
ebay	refuse	1	0.013904041610658169
ebay	would	1	0.014148279093205929
ebay	again	1	0.014010397717356682
ebay	unless	1	0.014056696556508541
ebay	completes	1	0.014042743481695652
ebay	resend	1	0.014089706353843212
ebay	cancel	1	0.014264880679547787
ebay	request	1	0.014276876114308834
ebay	reason	1	0.014221295714378357
onion/drugs/legal	40.10	1	0.012945023365318775
onion/drugs/legal	60.05	1	0.012338891625404358
onion/drugs/legal	108.40	1	0.012540902011096478
onion/drugs/legal	179.52	1	0.012612404301762581
onion/drugs/legal	204	1	0.012513751164078712
onion/drugs/legal	51	1	0.011256569996476173
ebay	Return	1	0.011849116533994675
ebay	Policy	1	0.011726059950888157
ebay	14	1	0.01153574138879776
ebay	But	1	0.011750846169888973
ebay	factory	1	0.011418439447879791
ebay	condition	1	0.011452669277787209
ebay	double	1	0.01169332955032587
ebay	address	1	0.011462797410786152
ebay	months	1	0.011614666320383549
onion/drugs/legal	48.10	1	0.010697918944060802
onion/drugs/legal	61.60	1	0.010194003582000732
onion/drugs/legal	79.05	1	0.010085497051477432
onion/drugs/legal	131.02	1	0.010224761441349983
onion/drugs/legal	Parex	1	0.01001421082764864
onion/drugs/legal	Sunrise	1	0.009272892959415913
onion/drugs/legal	Remedies	1	0.00915664155036211
onion/drugs/legal	please	1	0.00898588914424181
onion/drugs/legal	note	1	0.008978372439742088
onion/drugs/legal	that	1	0.00898869801312685
onion/drugs/legal	ship	1	0.008959861472249031
onion/drugs/legal	out	1	0.00890035554766655
onion/drugs/legal	Vriligy	1	0.009051192551851273
onion/drugs/legal	brands	1	0.00929760280996561
onion/drugs/legal	interchangeably	1	0.009476874023675919
onion/drugs/legal	Janssen	1	0.010755499824881554
onion/drugs/legal	Cilag	1	0.011156827211380005
onion/drugs/legal	Dapoxetine60	1	0.01088733784854412
onion/drugs/legal	640.00	1	0.010930135846138
onion/drugs/legal	1,030	1	0.010351686738431454
onion/drugs/legal	EU	1	0.009298230521380901
onion/drugs/legal	Sildigra	1	0.008054401725530624
onion/drugs/legal	Note	1	0.007407523225992918
onion/drugs/legal	item	1	0.007154518738389015
onion/drugs/legal	comes	1	0.007076940033584833
onion/drugs/legal	Vanilla	1	0.006979385390877724
onion/drugs/legal	pictured	1	0.006873194128274918
onion/drugs/legal	above	1	0.006914196535944939
onion/drugs/legal	Orange	1	0.006860546767711639
onion/drugs/legal	Strawberry	1	0.006858966313302517
onion/drugs/legal	Pineapple	1	0.006900319363921881
onion/drugs/legal	randomly	1	0.007268440444022417
onion/drugs/legal	selected	1	0.00726580573245883
onion/drugs/legal	order	1	0.007371832616627216
onion/drugs/legal	mfg	1	0.007258417550474405
onion/drugs/legal	does	1	0.007127841934561729
onion/drugs/legal	n't	1	0.007106712553650141
onion/drugs/legal	specify	1	0.0070594786666333675
onion/drugs/legal	're	1	0.007257220335304737
onion/drugs/legal	restocking	1	0.007300413679331541
onion/drugs/legal	44.62	1	0.007878771051764488
onion/drugs/legal	58.43	1	0.007821433246135712
onion/drugs/legal	76.24	1	0.007947922684252262
onion/drugs/legal	Also	1	0.008015064522624016
onion/drugs/legal	available	1	0.00719372509047389
onion/drugs/legal	160	1	0.007409344892948866
onion/drugs/legal	inquire	1	0.007160813547670841
ebay	It	1	0.007404167205095291
ebay	highly	1	0.007334052585065365
ebay	appreciated	1	0.007260091137140989
ebay	rating	1	0.007400684058666229
ebay	comments	1	0.007431962992995977
ebay	dissatisfied	1	0.007227533031255007
ebay	over	1	0.007307110354304314
ebay	35	1	0.007291750982403755
ebay	satisfactory	1	0.007240259554237127
ebay	comment	1	0.007466772571206093
ebay	success	1	0.0073543875478208065
ebay	resumed	1	0.007279981859028339
ebay	feel	1	0.0073461574502289295
ebay	free	1	0.00732726976275444
ebay	first	1	0.0072737205773591995
ebay	indifferent	1	0.007286979816854
ebay	Case	1	0.007178420666605234
ebay	Because	1	0.007318625692278147
ebay	believe	1	0.007280043791979551
ebay	Anything	1	0.007254006806761026
ebay	resolved	1	0.007261163089424372
ebay	communication	1	0.00724711362272501
ebay	Synopsis	1	0.004282861482352018
ebay	Injecting	1	0.004378228448331356
ebay	users	1	0.004549452569335699
ebay	Human	1	0.004534102510660887
ebay	Immunodeficiency	1	0.004532451741397381
ebay	Hepatitis	1	0.004511617124080658
ebay	C	1	0.004511238541454077
ebay	Independently	1	0.004457920789718628
ebay	each	1	0.0044721332378685474
ebay	serious	1	0.004398296121507883
ebay	threat	1	0.004399888217449188
ebay	health	1	0.004482606891542673
ebay	ravaging	1	0.004579823464155197
ebay	body	1	0.004550343379378319
ebay	immune	1	0.004544645547866821
ebay	system	1	0.004541266243904829
ebay	causing	1	0.004682535771280527
ebay	cirrhosis	1	0.004712509922683239
ebay	cancer	1	0.004725071135908365
ebay	failure	1	0.004615996032953262
ebay	Furthermore	1	0.0046095773577690125
ebay	weakens	1	0.004527051001787186
ebay	response	1	0.004532198887318373
ebay	antiretroviral	1	0.004531686659902334
ebay	therapy	1	0.004539469722658396
ebay	patients	1	0.00461836252361536
ebay	20	1	0.005027471575886011
ebay	times	1	0.004869657102972269
ebay	higher	1	0.004873954690992832
ebay	having	1	0.004756618291139603
ebay	related	1	0.004754128400236368
ebay	morbidity	1	0.00474100187420845
ebay	mortality	1	0.004650409333407879
ebay	alone	1	0.004437857307493687
ebay	studies	1	0.004354850389063358
ebay	ascertain	1	0.004451496992260218
ebay	found	1	0.004618973471224308
ebay	high	1	0.0046289642341434956
ebay	but	1	0.00448576919734478
ebay	little	1	0.004421789664775133
ebay	their	1	0.004427774343639612
ebay	Therefore	1	0.004485566169023514
ebay	book	1	0.004425009712576866
ebay	provides	1	0.004443394485861063
ebay	IDU	1	0.004463597666472197
ebay	addition	1	0.004461664706468582
ebay	identifies	1	0.00450867647305131
ebay	factors	1	0.004551939200609922
ebay	associated	1	0.004549284465610981
ebay	among	1	0.0045942459255456924
ebay	455	1	0.004619869403541088
ebay	four	1	0.0045574987307190895
ebay	centers	1	0.004410778637975454
ebay	Ha	1	0.004020572640001774
ebay	Noi	1	0.003948791418224573
ebay	availability	1	0.004373049363493919
ebay	information	1	0.004448171705007553
ebay	vulnerable	1	0.00435020262375474
ebay	group	1	0.004427637904882431
ebay	benefit	1	0.004412147216498852
ebay	investigators	1	0.004458636045455933
ebay	programmers	1	0.004489879589527845
ebay	addressing	1	0.004425046034157276
ebay	problems	1	0.004463766701519489
ebay	identifying	1	0.004447087645530701
ebay	providing	1	0.0044568986631929874
ebay	appropriate	1	0.004452898167073727
onion/drugs/legal	popular	1	0.003972755279392004
onion/drugs/legal	successful	1	0.004027160815894604
onion/drugs/legal	Containing	1	0.004071576986461878
onion/drugs/legal	benefit	1	0.0041246311739087105
onion/drugs/legal	least	1	0.00409112311899662
onion/drugs/legal	36	1	0.004031581804156303
onion/drugs/legal	hours	1	0.004011855460703373
onion/drugs/legal	couples	1	0.0040771374478936195
onion/drugs/legal	engage	1	0.004056562669575214
onion/drugs/legal	intercourse	1	0.004125720355659723
onion/drugs/legal	natural	1	0.004003802314400673
onion/drugs/legal	Unlike	1	0.004123312421143055
onion/drugs/legal	easy	1	0.0039597162976861
onion/drugs/legal	swallow	1	0.003921361640095711
onion/drugs/legal	very	1	0.003947528079152107
onion/drugs/legal	quickly	1	0.003965236246585846
onion/drugs/legal	absorbed	1	0.003958008252084255
onion/drugs/legal	into	1	0.003990595228970051
onion/drugs/legal	been	1	0.0040574329905211926
onion/drugs/legal	previously	1	0.004035156685858965
onion/drugs/legal	supplied	1	0.004020893480628729
onion/drugs/legal	under	1	0.004033660516142845
onion/drugs/legal	trade	1	0.004140305798500776
onion/drugs/legal	names	1	0.004277533385902643
onion/drugs/legal	Plus	1	0.004249452613294125
onion/drugs/legal	Erectalis	1	0.004279776010662317
onion/drugs/legal	longer	1	0.003945915028452873
onion/drugs/legal	gained	1	0.003999399021267891
onion/drugs/legal	nickname	1	0.0040305121801793575
onion/drugs/legal	Le	1	0.0040167453698813915
onion/drugs/legal	Weekender	1	0.004001860041171312
onion/drugs/legal	France	1	0.003991690929979086
onion/drugs/legal	medical	1	0.004122425802052021
onion/drugs/legal	name	1	0.004213795531541109
onion/drugs/legal	it	1	0.004077165853232145
onion/drugs/legal	belongs	1	0.004028703551739454
onion/drugs/legal	PDE-5	1	0.004166433587670326
onion/drugs/legal	family	1	0.004060253966599703
onion/drugs/legal	vasodilators	1	0.004103737883269787
onion/drugs/legal	These	1	0.0041947257705032825
onion/drugs/legal	drugs	1	0.004224446602165699
onion/drugs/legal	work	1	0.004162146244198084
onion/drugs/legal	dilating	1	0.004119921009987593
onion/drugs/legal	vessels	1	0.004035694524645805
onion/drugs/legal	particularly	1	0.003962901886552572
onion/drugs/legal	around	1	0.003956430591642857
onion/drugs/legal	turn	1	0.003984937444329262
onion/drugs/legal	stronger	1	0.004004614427685738
onion/drugs/legal	flow	1	0.004031793214380741
onion/drugs/legal	enable	1	0.004078184720128775
onion/drugs/legal	take	1	0.004050367046147585
onion/drugs/legal	place	1	0.0040595680475234985
onion/drugs/legal	aphrodisiac	1	0.003987409640103579
onion/drugs/legal	stimulation	1	0.003990707453340292
onion/drugs/legal	required	1	0.004054909106343985
onion/drugs/legal	develop	1	0.0040971883572638035
onion/drugs/legal	Due	1	0.004059470724314451
onion/drugs/legal	overall	1	0.0041475738398730755
onion/drugs/legal	dose	1	0.004225966054946184
onion/drugs/legal	report	1	0.00418309960514307
onion/drugs/legal	side	1	0.0040180375799536705
onion/drugs/legal	effects	1	0.00406564399600029
onion/drugs/legal	Product	1	0.0041053202003240585
onion/drugs/legal	Price	1	0.00423755869269371
onion/drugs/legal	Quantity	1	0.00429749907925725
onion/drugs/legal	0.012	1	0.004458385519683361
onion/drugs/legal	0.023	1	0.004510338418185711
onion/drugs/legal	0.054	1	0.004521770868450403
onion/drugs/legal	0.098	1	0.004522977862507105
onion/drugs/legal	0.181	1	0.0044240024872124195
onion/drugs/legal	Bitcoin	1	0.004304220899939537
